{
    "@sulu/web": {
        "cats": [
            59
        ],
        "icon": "Sulu.svg",
        "js": {
            "web.startComponents": ""
        },
        "website": "https://github.com/sulu/web-js"
    },
    "_hyperscript ": {
        "cats": [
            59
        ],
        "description": "_\u200bhyperscript is a scripting language for adding interactivity to the front-end.",
        "icon": "_hyperscript.png",
        "js": {
            "_hyperscript": ""
        },
        "scriptSrc": "//unpkg\\.com/hyperscript\\.org@([\\d\\.]+)\\;version:\\1",
        "website": "https://hyperscript.org"
    }
}