{
    "AMP": {
        "cats": [
            12
        ],
        "description": "AMP, originally created by Google, is an open-source HTML framework developed by the AMP open-source Project. AMP is designed to help webpages load faster.",
        "icon": "Accelerated-Mobile-Pages.svg",
        "js": {
            "AMP_CONFIG": "",
            "AMP_EXP": "",
            "__AMP_BASE_CE_CLASS": "",
            "__AMP_EXTENDED_ELEMENTS": "",
            "__AMP_TAG": "",
            "ampInaboxIframes": "",
            "ampInaboxPendingMessages": ""
        },
        "website": "https://www.amp.dev"
    },
    "AOLserver": {
        "cats": [
            22
        ],
        "headers": {
            "Server": "AOLserver/?([\\d.]+)?\\;version:\\1"
        },
        "icon": "AOLserver.png",
        "website": "https://aolserver.com"
    },
    "AOS": {
        "cats": [
            59
        ],
        "description": "JavaScript library to animate elements on your page as you scroll.",
        "dom": " body[data-aos-easing]",
        "icon": "AOS.svg",
        "js": {
            "AOS.init": "",
            "AOS.refresh": "",
            "AOS.refreshHard": ""
        },
        "scriptSrc": [
            "unpkg\\.com/aos@([\\d\\.]+)/dist/aos\\.js\\;version:\\1",
            "/typo3conf/ext/udem_vendor/Resources/Public/aos-([\\d\\.]+)\\;version:\\1"
        ],
        "website": "https://michalsnik.github.io/aos/"
    },
    "AbhiCMS": {
        "cats": [
            1
        ],
        "description": "AbhiCMS is a lesser-known content management system that may not have a significant user base or active development community.",
        "meta": {
            "generator": "AbhiCMS\\s([\\d\\.]+)\\;version:\\1"
        },
        "website": "https://website999.org"
    },
    "Adminer": {
        "cats": [
            3
        ],
        "cookies": {
            "adminer_key": "",
            "adminer_sid": ""
        },
        "description": "Adminer is a lightweight, web-based database management tool that supports multiple database systems and provides a simple interface for managing databases, tables, and running SQL queries.",
        "headers": {
            "composed-by": "adminer\\((\\d\\.)+\\)\\;version:\\1"
        },
        "icon": "Adminer.svg",
        "website": "https://www.adminer.org"
    },
    "Adobe Client Data Layer": {
        "cats": [
            12
        ],
        "description": "Adobe Client Data Layer is a framework of JavaScript objects on your site that contains all variable values used in your implementation.",
        "icon": "Adobe.svg",
        "js": {
            "adobeDataLayer.version": "([\\d\\.]+)\\;version:\\1"
        },
        "website": "https://github.com/adobe/adobe-client-data-layer"
    },
    "Adobe Experience Manager": {
        "cats": [
            1
        ],
        "description": "Adobe Experience Manager (AEM) is a content management solution for building websites, mobile apps and forms.",
        "dom": "div[class*='parbase'], div[data-component-path*='jcr:'], div[class*='aem-Grid']",
        "icon": "Adobe Experience Platform.svg",
        "scriptSrc": [
            "/etc/designs/",
            "/etc/clientlibs/",
            "/etc\\.clientlibs/"
        ],
        "website": "https://www.adobe.com/marketing/experience-manager.html"
    },
    "Adobe Experience Manager Franklin": {
        "cats": [
            1
        ],
        "description": "Adobe Experience Manager Franklin, also known as Project Helix or Composability, is a new way to publish AEM pages using Google Drive or Microsoft Office via Sharepoint. Instead of components, Franklin uses blocks to build pages. Blocks are pieces of a document that will be transformed into web page content.",
        "icon": "Adobe Experience Manager Franklin.svg",
        "js": {
            "hlx.RUM_MANUAL_ENHANCE": ""
        },
        "scriptSrc": "^.+/scripts/lib-franklin\\.js$",
        "website": "https://www.hlx.live"
    },
    "Adobe Muse": {
        "cats": [
            57
        ],
        "description": "Adobe Muse is a no code offline website builder used to create fixed, fluid, or adaptive websites, without the need to write code.",
        "icon": "AdobeMuse.svg",
        "js": {
            "Muse": "",
            "museConfigLoadedAndExecuted": "",
            "muse_init": ""
        },
        "website": "https://helpx.adobe.com/muse/kb/adobe-muse-end-of-service.html"
    },
    "Akka HTTP": {
        "cats": [
            18,
            22
        ],
        "headers": {
            "Server": "akka-http(?:/([\\d.]+))?\\;version:\\1"
        },
        "icon": "AkkaHttp.svg",
        "website": "https://akka.io"
    },
    "Aksara CMS": {
        "cats": [
            1
        ],
        "description": "Aksara CMS is a CodeIgniter based CRUD toolkit.",
        "dom": "div.aksara-footer",
        "icon": "Aksara CMS.svg",
        "website": "https://aksaracms.com"
    },
    "AlertifyJS": {
        "cats": [
            12
        ],
        "description": "AlertifyJS is a javascript framework for developing browser dialogs and notifications.",
        "icon": "AlertifyJS.svg",
        "js": {
            "alertify.defaults.autoReset": ""
        },
        "scriptSrc": "/alertify/alertify\\.min\\.js",
        "website": "https://alertifyjs.com"
    },
    "AlloyUI": {
        "cats": [
            12
        ],
        "icon": "AlloyUI.png",
        "js": {
            "AUI": ""
        },
        "scriptSrc": "^https?://cdn\\.alloyui\\.com/",
        "website": "https://www.alloyui.com"
    },
    "Alpine.js": {
        "cats": [
            12
        ],
        "description": "Alpine.js is a minimal framework for composing behavior directly in your markup.",
        "icon": "Alpine.js.svg",
        "js": {
            "Alpine.version": "^(.+)$\\;version:\\1",
            "deferLoadingAlpine": ""
        },
        "scriptSrc": [
            "/alpine(?:\\.min)?\\.js"
        ],
        "website": "https://alpinejs.dev"
    },
    "Altis": {
        "cats": [
            1
        ],
        "description": "Altis is a digital experience platform built on top of WordPress.",
        "icon": "Altis.svg",
        "js": {
            "Altis": ""
        },
        "meta": {
            "generator": "^Altis ?([\\d.]+)?\\;version:\\1"
        },
        "website": "https://www.altis-dxp.com"
    },
    "AlvandCMS": {
        "cats": [
            1
        ],
        "description": "AlvandCMS is a PHP-based content management system that is commonly used in Iran.",
        "icon": "AlvandCMS.svg",
        "meta": {
            "generator": "AlvandCMS\\s([\\d\\.]+)\\;version:\\1"
        },
        "website": "https://alvandcms.ir"
    },
    "Amazon EC2": {
        "cats": [
            22
        ],
        "description": "Amazon Elastic Compute Cloud is a part of Amazon.com's cloud-computing platform, Amazon Web Services, that allows users to rent virtual computers on which to run their own computer applications.",
        "headers": {
            "Server": "\\(Amazon\\)"
        },
        "icon": "Amazon EC2.svg",
        "website": "https://aws.amazon.com/ec2/"
    },
    "Amber": {
        "cats": [
            18,
            22
        ],
        "description": "Amber is a web application framework written in Crystal inspired by Kemal, Rails, Phoenix and other popular application frameworks.",
        "headers": {
            "X-Powered-By": "^Amber$"
        },
        "icon": "Amber.svg",
        "website": "https://amberframework.org"
    },
    "Ametys": {
        "cats": [
            1
        ],
        "icon": "Ametys.png",
        "meta": {
            "generator": "(?:Ametys|Anyware Technologies)"
        },
        "scriptSrc": "ametys\\.js",
        "website": "https://ametys.org"
    },
    "Amiro.CMS": {
        "cats": [
            1
        ],
        "description": "Amiro.CMS is a commercial content management system developed and distributed by the Russian company Amiro. Written in PHP and uses MySQL as a database.",
        "icon": "Amiro.CMS.svg",
        "meta": {
            "generator": "Amiro"
        },
        "website": "https://www.amiro.ru"
    },
    "Amplience": {
        "cats": [
            1
        ],
        "description": "Amplience is an API-first, headless content management platform for enterprise retail.",
        "dom": "link[href*='.amplience.net'], img[src*='.amplience.net']",
        "icon": "Amplience.svg",
        "js": {
            "amplianceTemplates": ""
        },
        "website": "https://amplience.com"
    },
    "Angie": {
        "cats": [
            22
        ],
        "description": "Angie is a drop-in replacement for the Nginx web server aiming to extend the functionality of the original version.",
        "headers": {
            "server": "^Angie(?:/([\\d\\.]+))?$\\;version:\\1"
        },
        "icon": "default.svg",
        "website": "https://angie.software/en/"
    },
    "Angular": {
        "cats": [
            12
        ],
        "description": "Angular is a TypeScript-based open-source web application framework led by the Angular Team at Google.",
        "dom": {
            "[ng-version]": {
                "attributes": {
                    "ng-version": "^([\\d\\.]+)\\;version:\\1"
                }
            }
        },
        "icon": "Angular.svg",
        "js": {
            "ng.coreTokens": "",
            "ng.probe": ""
        },
        "website": "https://angular.io"
    },
    "Angular Material": {
        "cats": [
            66
        ],
        "description": "Angular Material is a UI component library for Angular JS developers. Angular Material components assist in constructing attractive, consistent, and functional web pages and web applications.",
        "icon": "AngularJS.svg",
        "js": {
            "ngMaterial": ""
        },
        "scriptSrc": "/([\\d.rc-]+)?/angular-material(?:\\.min)?\\.js\\;version:\\1",
        "website": "https://material.angularjs.org"
    },
    "AngularJS": {
        "cats": [
            12
        ],
        "description": "AngularJS is a JavaScript-based open-source web application framework led by the Angular Team at Google.",
        "icon": "AngularJS.svg",
        "js": {
            "angular": "",
            "angular.version.full": "^(.+)$\\;version:\\1"
        },
        "scriptSrc": [
            "angular[.-]([\\d.]*\\d)[^/]*\\.js\\;version:\\1",
            "/([\\d.]+(?:-?rc[.\\d]*)*)/angular(?:\\.min)?\\.js\\;version:\\1",
            "(?!angular\\.io)\\bangular.{0,32}\\.js"
        ],
        "website": "https://angularjs.org"
    },
    "Animate.css": {
        "cats": [
            66
        ],
        "description": "Animate.css is a ready-to-use library collection of CSS3 animation effects.",
        "dom": {
            ".animate__animated": {
                "attributes": {
                    "class": "\\;confidence:99"
                }
            },
            "link[href*='animate']": {
                "attributes": {
                    "href": "([\\d\\.]+)?/animate\\.min\\.css\\;version:\\1"
                }
            }
        },
        "icon": "Animate.css.svg",
        "website": "https://animate.style"
    },
    "Ant Design": {
        "cats": [
            66
        ],
        "description": "Ant Design is a UI library that can be used with data flow solutions and application frameworks in any React ecosystem.",
        "dom": {
            "div[class*='ant-collapse']": {
                "attributes": {
                    "class": "ant-collapse"
                }
            },
            "link[href*='antd']": {
                "attributes": {
                    "href": "antd(?:@|/)?([\\d\\.]+)?(?:.+|)?\\.css\\;version:\\1"
                }
            }
        },
        "icon": "Ant Design.svg",
        "js": {
            "antd.version": "^([\\d\\.]+)$\\;version:\\1"
        },
        "website": "https://ant.design"
    },
    "Antee IPO": {
        "cats": [
            1
        ],
        "description": "Antee is a Czech company that will make a custom-made website for you, then you manage it in CMS IPO.",
        "icon": "Antee.svg",
        "js": {
            "ipo.api.hideSpinner": ""
        },
        "meta": {
            "author": "Antee\\ss\\.r\\.o\\."
        },
        "website": "https://ipo.antee.cz"
    },
    "Apache APISIX": {
        "cats": [
            22
        ],
        "description": "Apache APISIX is an open-source, cloud-native API gateway developed by the Apache Software Foundation. It provides a scalable and high-performance solution for managing and securing API traffic.",
        "headers": {
            "X-APISIX-Upstream-Status": "",
            "server": "^APISIX(?:/([\\d\\.]+))?$\\;version:\\1"
        },
        "icon": "Apache APISIX.svg",
        "website": "https://apisix.apache.org"
    },
    "Apache HTTP Server": {
        "cats": [
            22
        ],
        "description": "Apache is a free and open-source cross-platform web server software.",
        "headers": {
            "Server": "(?:Apache(?:$|/([\\d.]+)|[^/-])|(?:^|\\b)HTTPD)\\;version:\\1"
        },
        "icon": "Apache.svg",
        "website": "https://httpd.apache.org/"
    },
    "Apache Tomcat": {
        "cats": [
            22
        ],
        "description": "Apache Tomcat is an open-source implementation of the Java Servlet, JavaServer Pages, Java Expression Language and WebSocket technologies.",
        "headers": {
            "Server": "^Apache-Coyote",
            "X-Powered-By": "\\bTomcat\\b(?:-([\\d.]+))?\\;version:\\1"
        },
        "icon": "Apache Tomcat.svg",
        "website": "https://tomcat.apache.org"
    },
    "Apache Traffic Server": {
        "cats": [
            22
        ],
        "description": "Apache Traffic Server is an open-source caching and proxying server that serves as an HTTP/1.1 and HTTP/2 reverse proxy with caching capabilities, load balancing, request routing, SSL termination, and support for advanced HTTP features.",
        "headers": {
            "Server": "ATS/?([\\d.]+)?\\;version:\\1"
        },
        "icon": "Apache Traffic Server.svg",
        "website": "https://trafficserver.apache.org/"
    },
    "Apollo": {
        "cats": [
            59
        ],
        "description": "Apollo is a fully-featured caching GraphQL client with integrations for React, Angular, and more.",
        "dom": "script#__APOLLO_STATE__",
        "icon": "Apollo.svg",
        "js": {
            "__APOLLO_CLIENT__": "",
            "__APOLLO_CLIENT__.version": "^(.+)$\\;version:\\1",
            "__NEXT_DATA__.props.pageProps.__APOLLO_STATE__": ""
        },
        "website": "https://www.apollographql.com"
    },
    "ApostropheCMS": {
        "cats": [
            1
        ],
        "description": "ApostropheCMS is a powerful website builder platform built on an enterprise open source CMS.",
        "icon": "ApostropheCMS.svg",
        "js": {
            "APOS_DIALOGS.dialogAttributes": "",
            "apos.csrfCookieName": ""
        },
        "website": "https://apostrophecms.com"
    },
    "AquilaCMS": {
        "cats": [
            1
        ],
        "description": "AquilaCMS is a fullstack, headless CMS written in JavaScript.",
        "icon": "AquilaCMS.svg",
        "meta": {
            "powered-by": "AquilaCMS"
        },
        "website": "https://www.aquila-cms.com/"
    },
    "Arc XP": {
        "cats": [
            1,
            95
        ],
        "description": "Arc XP is a cloud-based digital experience platform that helps enterprise companies, retail brands and media and entertainment organization create and distribute content, drive digital commerce, and deliver powerful experiences.",
        "dom": "#pb-root",
        "icon": "Arc XP.svg",
        "js": {
            "Fusion.arcSite": ""
        },
        "website": "https://www.arcxp.com"
    },
    "Arco Design Vue": {
        "cats": [
            66
        ],
        "description": "Arco Design is a set of open-source UI Components for Vue, aiming to address experience issues in products.",
        "dom": "link[href*='arcodesign'], link[href*='arco-design'], body[arco-theme], section[class*='arco-layout']",
        "icon": "ArcoDesign.svg",
        "website": "https://arco.design"
    },
    "Artifactory Web Server": {
        "cats": [
            22
        ],
        "headers": {
            "Server": "Artifactory(?:/([\\d.]+))?\\;version:\\1"
        },
        "icon": "Artifactory.svg",
        "website": "https://jfrog.com/open-source/#os-arti"
    },
    "Arya CMS": {
        "cats": [
            1
        ],
        "description": "Arya CMS is a lesser-known content management system that may not have a significant user base or active development community.",
        "js": {
            "AryaCMS": "([\\d\\.]+)\\;version:\\1"
        },
        "website": "https://sndigitalhub.com"
    },
    "AsciiDoc": {
        "cats": [
            1,
            20,
            27
        ],
        "description": "AsciiDoc is a text document format for writing documentation, slideshows, web pages, man pages and blogs. AsciiDoc files can be translated to many formats including HTML, PDF, EPUB, man page.",
        "icon": "AsciiDoc.png",
        "js": {
            "asciidoc": ""
        },
        "meta": {
            "generator": "^AsciiDoc ([\\d.]+)\\;version:\\1"
        },
        "website": "https://www.methods.co.nz/asciidoc"
    },
    "Astro": {
        "cats": [
            57,
            12
        ],
        "description": "Astro is a new JavaScript-based static site builder.",
        "dom": {
            "[class^='astro-']": {
                "attributes": {
                    "class": "astro-[\\d\\w]{8,}"
                }
            },
            "astro-root": {
                "attributes": {
                    "uid": ""
                }
            },
            "link[href*='/_astro/']": {
                "attributes": {
                    "href": "/_astro/(?:[\\W\\w]+)(?:-|\\.)[\\d\\w]+\\.css"
                }
            },
            "link[href*='/_astro/'][href$='.css']": {
                "exists": ""
            }
        },
        "icon": "Astro.svg",
        "js": {
            "Astro": ""
        },
        "meta": {
            "generator": "^Astro\\sv([\\d\\.]+)$\\;version:\\1"
        },
        "website": "https://astro.build"
    },
    "Aura": {
        "cats": [
            66
        ],
        "description": "Aura is an open-source UI framework built by Salesforce for developing dynamic web apps for mobile and desktop devices.",
        "icon": "default.svg",
        "js": {
            "Aura.app": "siteforce\\:communityApp"
        },
        "website": "https://github.com/forcedotcom/aura"
    },
    "Aurelia": {
        "cats": [
            12
        ],
        "description": "Aurelia is an open-source UI JavaScript framework designed to create single page applications.",
        "dom": "div[aurelia-app], body[aurelia-app], a[au-target-id]",
        "icon": "Aurelia.svg",
        "js": {
            "_aureliaConfigureModuleLoader": "",
            "localAurelia": ""
        },
        "scriptSrc": "/aurelia[\\d\\w\\-\\.]+\\.js",
        "website": "https://aurelia.io"
    },
    "AutoManager": {
        "cats": [
            1
        ],
        "description": "AutoManager is a CMS system designed specifically for automotive businesses.",
        "dom": "link[href*='clients.automanager.com/']",
        "icon": "AutoManager.svg",
        "scriptSrc": "\\.automanager\\.com/",
        "website": "https://www.automanager.io"
    },
    "Autoconf": {
        "cats": [
            1
        ],
        "description": "Autoconf is a system designed for managing car dealership operations, including inventory, sales, and customer data.",
        "icon": "Autoconf.svg",
        "scriptSrc": "static\\.autoconf\\.com",
        "website": "https://autoconf.com.br"
    },
    "Automatic.css": {
        "cats": [
            66,
            87
        ],
        "description": "Automatic.css is a CSS framework for WordPress page builders.",
        "dom": "link[href*='/wp-content/uploads/automatic-css/']",
        "icon": "Automatic.css.svg",
        "website": "https://automaticcss.com"
    },
    "Axios": {
        "cats": [
            59
        ],
        "description": "Promise based HTTP client for the browser and node.js",
        "icon": "Axios.svg",
        "js": {
            "axios.get": ""
        },
        "scriptSrc": [
            "/axios(@|/)([\\d.]+)(?:/[a-z]+)?/axios(?:.min)?\\.js\\;version:\\2"
        ],
        "website": "https://github.com/axios/axios"
    },
    "Azko CMS": {
        "cats": [
            1
        ],
        "description": "Azko CMS is a content management system developed by Azko (Septeo Group) specifically launched for lawyers in France.",
        "icon": "Azko CMS.svg",
        "scriptSrc": "//js\\.fw\\.azko\\.fr/",
        "website": "https://www.azko.fr"
    },
    "a-blog cms": {
        "cats": [
            1
        ],
        "icon": "a-blog cms.svg",
        "meta": {
            "generator": "a-blog cms"
        },
        "website": "https://www.a-blogcms.jp"
    },
    "actionhero.js": {
        "cats": [
            18,
            22
        ],
        "headers": {
            "X-Powered-By": "actionhero API"
        },
        "icon": "ActionHeroJs.svg",
        "js": {
            "actionheroClient": ""
        },
        "scriptSrc": "actionheroClient\\.js",
        "website": "https://www.actionherojs.com"
    },
    "augmented-ui": {
        "cats": [
            66
        ],
        "description": "augmented-ui is a UI framework inspired by cyberpunk and sci-fi.",
        "dom": "[data-augmented-ui]",
        "icon": "Augmented-Ui.svg",
        "website": "https://augmented-ui.com"
    },
    "autoComplete.js": {
        "cats": [
            59
        ],
        "description": "autoComplete.js is a simple, pure vanilla Javascript library.",
        "icon": "autoComplete.js.svg",
        "scriptSrc": "@tarekraafat/autocomplete\\.js@([\\d\\.]+)/\\;version:\\1",
        "website": "https://tarekraafat.github.io/autoComplete.js"
    }
}