{
    "BEM": {
        "cats": [
            12
        ],
        "description": "BEM (Block, Element, Modifier) is a naming convention for classes in HTML and CSS what was developed by Yandex.",
        "icon": "BEM.svg",
        "website": "https://en.bem.info"
    },
    "BIGACE": {
        "cats": [
            1
        ],
        "description": "Bigace is a free open-source content management developed in PHP and JavaScript that uses a MySQL or ADOdb environment.",
        "icon": "BIGACE.png",
        "meta": {
            "generator": "BIGACE ([\\d.]+)\\;version:\\1"
        },
        "website": "https://github.com/bigace"
    },
    "BOOM": {
        "cats": [
            1
        ],
        "headers": {
            "X-Supplied-By": "MANA"
        },
        "icon": "boom.svg",
        "meta": {
            "generator": "^boom site builder$"
        },
        "website": "https://manaandisheh.com"
    },
    "Backbone.js": {
        "cats": [
            12
        ],
        "description": "BackboneJS is a JavaScript library that allows to develop and structure the client side applications that run in a web browser.",
        "icon": "Backbone.js.svg",
        "js": {
            "Backbone": "",
            "Backbone.VERSION": "^(.+)$\\;version:\\1"
        },
        "scriptSrc": "backbone.*\\.js",
        "website": "https://backbonejs.org"
    },
    "Backdrop": {
        "cats": [
            1
        ],
        "description": "Backdrop is an open-source content management system (CMS) derived from Drupal 7, offering a user-friendly interface, customisable content types, taxonomies, views, theming capabilities, extensibility through modules, and regular security updates.",
        "headers": {
            "X-Backdrop-Cache": "",
            "X-Generator": "^Backdrop CMS(?:\\s([\\d.]+))?\\;version:\\1"
        },
        "icon": "Backdrop.svg",
        "js": {
            "Backdrop": ""
        },
        "meta": {
            "generator": "^Backdrop CMS(?:\\s([\\d.]+))?\\;version:\\1"
        },
        "website": "https://backdropcms.org"
    },
    "Bahooosh": {
        "cats": [
            1
        ],
        "cookies": {
            "bahooosh_session": ""
        },
        "description": "Bahooosh is an online business management platform that integrates AI-powered site building and ecommerce CMS features.",
        "icon": "Bahooosh.svg",
        "website": "https://bahooosh.com"
    },
    "Banno Banking": {
        "cats": [
            1
        ],
        "description": "Banno Banking is a digital banking platform designed to deliver a branded, user-friendly experience by leveraging advanced fintech tools.",
        "icon": "Banno.svg",
        "js": {
            "banno.site": "",
            "com.banno": ""
        },
        "website": "https://banno.com/digital-banking"
    },
    "Banshee": {
        "cats": [
            1,
            18
        ],
        "description": "Banshee is a PHP website framework with a main focus on security. Banshee is protected against common attacks like SQL injection, cross-site scripting, cross-site request forgery and session hijacking.",
        "headers": {
            "X-Powered-By": "Banshee PHP framework v([\\d\\.]+)\\;version:\\1"
        },
        "icon": "Banshee.png",
        "meta": {
            "generator": "Banshee PHP"
        },
        "website": "https://www.banshee-php.org"
    },
    "Barba.js": {
        "cats": [
            59
        ],
        "description": "Barba.js is a small and easy-to-use javascript library that helps you creating fluid and smooth transitions between your website's pages.",
        "icon": "Barba.js.svg",
        "js": {
            "barba.version": "^([\\d\\.]+)$\\;version:\\1"
        },
        "website": "https://barba.js.org"
    },
    "Batflat": {
        "cats": [
            1
        ],
        "description": "Batflat is a lightweight CMS for free.",
        "icon": "Batflat.svg",
        "meta": {
            "generator": "^Batflat$"
        },
        "website": "https://batflat.org"
    },
    "Bentobox": {
        "cats": [
            1,
            93
        ],
        "description": "Bentobox is a restaurant website platform that handles menus, reservations, gift cards and more.",
        "icon": "Bentobox.svg",
        "js": {
            "BentoAnalytics": ""
        },
        "scriptSrc": "\\.getbento\\.com/",
        "website": "https://getbento.com"
    },
    "BigTree CMS": {
        "cats": [
            1
        ],
        "description": "BigTree CMS is an extremely extensible open-source CMS built on PHP and MySQL.",
        "icon": "BigTree CMS.svg",
        "js": {
            "BigTree.Growling": "",
            "BigTreeMatrix": "",
            "BigTreeTagAdder": ""
        },
        "website": "https://www.bigtreecms.org"
    },
    "Blade": {
        "cats": [
            18,
            22
        ],
        "headers": {
            "X-Powered-By": "blade-([\\w.]+)?\\;version:\\1"
        },
        "icon": "Blade.svg",
        "website": "https://lets-blade.com"
    },
    "Bloomreach": {
        "cats": [
            1
        ],
        "icon": "Bloomreach.svg",
        "website": "https://developers.bloomreach.com"
    },
    "Bludit": {
        "cats": [
            1
        ],
        "description": "Bludit is a flat file content management system that stores data in text files.",
        "icon": "Bludit.svg",
        "meta": {
            "generator": "^Bludit$"
        },
        "website": "https://www.bludit.com"
    },
    "Boba.js": {
        "cats": [
            59
        ],
        "scriptSrc": "boba(?:\\.min)?\\.js",
        "website": "https://boba.space150.com"
    },
    "BoidCMS": {
        "cats": [
            1
        ],
        "description": "BoidCMS is a free and open-source flat file CMS for building simple websites and blogs in seconds, developed using PHP and uses JSON as a database.",
        "headers": {
            "X-Powered-By": "BoidCMS"
        },
        "icon": "BoidCMS.svg",
        "website": "https://boidcms.github.io"
    },
    "BoldGrid": {
        "cats": [
            1,
            11,
            87
        ],
        "description": "BoldGrid is a free website builder for WordPress websites.",
        "dom": "link[rel='stylesheet'][href*='boldgrid'], link[rel='stylesheet'][href*='post-and-page-builder'], link[href*='.boldgrid.com']",
        "scriptSrc": "/wp-content/plugins/post-and-page-builder",
        "website": "https://boldgrid.com"
    },
    "Bolt CMS": {
        "cats": [
            1
        ],
        "description": "Bolt is an open-source content management system (CMS) focused on simplicity and flexibility for developers building and managing websites and web applications.",
        "icon": "Bolt CMS.svg",
        "meta": {
            "generator": "Bolt"
        },
        "website": "https://bolt.cm"
    },
    "Boomerang": {
        "cats": [
            59,
            78
        ],
        "description": "boomerang is a JavaScript library that measures the page load time experienced by real users, commonly called RUM (Real User Measurement).",
        "icon": "boomerang.svg",
        "js": {
            "BOOMR": "",
            "BOOMR_lstart": "",
            "BOOMR_mq": ""
        },
        "website": "https://akamai.github.io/boomerang"
    },
    "Bootstrap": {
        "cats": [
            66
        ],
        "description": "Bootstrap is a free and open-source CSS framework directed at responsive, mobile-first front-end web development. It contains CSS and JavaScript-based design templates for typography, forms, buttons, navigation, and other interface components.",
        "dom": {
            "body[data-bs-theme]": {
                "attributes": {
                    "data-bs-theme": "^(.*)$"
                }
            },
            "style": {
                "text": "--bs-(?:gutter|emphasis|space-x|tertiary-bg|secondary-color)"
            }
        },
        "icon": "Bootstrap.svg",
        "js": {
            "bootstrap.Alert.VERSION": "^(.+)$\\;version:\\1",
            "jQuery.fn.tooltip.Constructor.VERSION": "^(.+)$\\;version:\\1"
        },
        "scriptSrc": [
            "bootstrap(?:[^>]*?([0-9a-fA-F]{7,40}|[\\d]+(?:.[\\d]+(?:.[\\d]+)?)?)|)[^>]*?(?:\\.min)?\\.js\\;version:\\1"
        ],
        "website": "https://getbootstrap.com"
    },
    "Bootstrap Table": {
        "cats": [
            59
        ],
        "dom": "link[href*='bootstrap-table.min.css']",
        "icon": "Bootstrap Table.svg",
        "scriptSrc": "bootstrap-table(?:\\.min)?\\.js",
        "website": "https://bootstrap-table.wenzhixin.net.cn/"
    },
    "Botble CMS": {
        "cats": [
            1,
            6
        ],
        "cookies": {
            "botble_session": ""
        },
        "headers": {
            "CMS-Version": "^(.+)$\\;version:\\1\\;confidence:0"
        },
        "icon": "BotbleCMS.svg",
        "website": "https://botble.com"
    },
    "Bridgetown": {
        "cats": [
            57
        ],
        "description": "Bridgetown is an open-source static site generator built with Ruby, facilitating the creation of fast and efficient websites by generating static HTML and CSS files.",
        "dom": "link[href^='/_bridgetown/static/']",
        "icon": "Bridgetown.svg",
        "scriptSrc": "^/_bridgetown/static/.+\\.js$",
        "website": "https://www.bridgetownrb.com"
    },
    "Brightspot": {
        "cats": [
            1
        ],
        "headers": {
            "X-Powered-By": "^Brightspot$"
        },
        "icon": "Brightspot.svg",
        "website": "https://www.brightspot.com"
    },
    "Brownie": {
        "cats": [
            1,
            6
        ],
        "description": "Brownie is a framework, CMS, ecommerce and ERP omni-channel platform to manage your entire business in one cloud solution.",
        "dom": "a[href*='browniesuite.com'][target='_blank'] img[src*='brownie']",
        "headers": {
            "X-Powered-By": "Brownie"
        },
        "icon": "Brownie.svg",
        "scriptSrc": "assets\\.youthsrl\\.com/brownie",
        "website": "https://www.browniesuite.com"
    },
    "Browser-Update.org": {
        "cats": [
            5,
            59
        ],
        "description": "Browser-update.org is a tool to unobtrusively notify visitors that they should update their web browser in order to use your website.",
        "icon": "Browser-Update.org.png",
        "js": {
            "$bu_.version": "^([\\d\\.]+)$\\;version:\\1",
            "$bu_getBrowser": ""
        },
        "website": "https://browser-update.org"
    },
    "Builder.io": {
        "cats": [
            1
        ],
        "description": "Builder.io is a headless CMS with a powerful drag-and-drop visual editor that lets you build and optimize digital experiences with speed and flexibility. ",
        "dom": "[data-builder-content-id], img[src*='cdn.builder.io']",
        "icon": "Builder.svg",
        "website": "https://builder.io"
    },
    "Bulma": {
        "cats": [
            66
        ],
        "description": "Bulma is a free class-based framework for CSS.",
        "dom": {
            "link[href*='bulma']": {
                "attributes": {
                    "href": "(?:([\\d\\.]+)/css/)?bulma(?:-docs)?\\.min\\.css\\;version:\\1"
                }
            }
        },
        "icon": "Bulma.svg",
        "js": {
            "Bulma.VERSION": "([\\d\\.]+)\\;version:\\1"
        },
        "website": "https://bulma.io"
    },
    "Business Catalyst": {
        "cats": [
            1
        ],
        "icon": "Business Catalyst.svg",
        "scriptSrc": "CatalystScripts",
        "website": "https://businesscatalyst.com"
    },
    "Business Website Builder": {
        "cats": [
            1
        ],
        "icon": "Google.svg",
        "website": "https://businesswebsites.google.com/welcome"
    },
    "ButterCMS": {
        "cats": [
            1
        ],
        "description": "ButterCMS is a cloud-based headless content management system.",
        "dom": "div[data-bg*='cdn.buttercms.com/'], img[src*='cdn.buttercms.com/'], link[href*='cdn.buttercms.com'], a[href*='cdn.buttercms.com/']",
        "icon": "butter-cms.svg",
        "website": "https://buttercms.com"
    },
    "basket.js": {
        "cats": [
            59
        ],
        "icon": "basket.js.png",
        "js": {
            "basket.isValidItem": ""
        },
        "website": "https://addyosmani.github.io/basket.js/"
    }
}