{
    "CMS Made Simple": {
        "cats": [
            1
        ],
        "cookies": {
            "CMSSESSID": ""
        },
        "icon": "CMS Made Simple.svg",
        "meta": {
            "generator": "CMS Made Simple"
        },
        "website": "https://cmsmadesimple.org"
    },
    "CMSimple": {
        "cats": [
            1
        ],
        "meta": {
            "generator": "CMSimple( [\\d.]+)?\\;version:\\1"
        },
        "website": "https://www.cmsimple.org/en"
    },
    "CPG Dragonfly": {
        "cats": [
            1
        ],
        "headers": {
            "X-Powered-By": "^Dragonfly CMS"
        },
        "icon": "CPG Dragonfly.png",
        "meta": {
            "generator": "CPG Dragonfly"
        },
        "website": "https://dragonflycms.org"
    },
    "CUE": {
        "cats": [
            1
        ],
        "description": "CUE is a unified media enterprise platform tailored for news media organizations seeking efficiency and revenue growth in the media market.",
        "icon": "CUE.svg",
        "website": "https://www.stibodx.com/"
    },
    "CactiveCloud": {
        "cats": [
            22
        ],
        "description": "CactiveCloud is a freemium based cloud provider and web server for static deployments of websites with HTML builds and serverless functions.",
        "headers": {
            "server": "^Cactive$"
        },
        "icon": "CactiveCloud.svg",
        "website": "https://cactivecloud.com"
    },
    "Caddy": {
        "cats": [
            22
        ],
        "description": "Caddy is a Go-based web server known for its simplicity and automatic HTTPS features.",
        "headers": {
            "Server": "Caddy"
        },
        "icon": "caddy.svg",
        "website": "https://caddyserver.com"
    },
    "Caisy": {
        "cats": [
            1
        ],
        "description": "Caisy is a headless CMS platform providing flexible content management, seamless integration with various devices and channels, and API access for structured content delivery.",
        "dom": "img[src*='assets.caisy.io/']",
        "icon": "Caisy.svg",
        "website": "https://caisy.io"
    },
    "CamanJS": {
        "cats": [
            59
        ],
        "description": "CamanJS is a JavaScript library designed for image editing directly on the browser, allowing manipulation of canvas elements.",
        "js": {
            "Caman": "",
            "Caman.version.release": "([\\d\\.]+)\\;version:\\1"
        },
        "website": "https://github.com/meltingice/CamanJS"
    },
    "Carbonmade": {
        "cats": [
            1,
            51
        ],
        "description": "Carbonmade is an online portfolio platform that provides tools and templates for creating and showcasing digital portfolios.",
        "dom": "link[href*='carbon-media.accelerator.net/']",
        "icon": "Carbonmade.svg",
        "js": {
            "Carbon.ActionKit": ""
        },
        "website": "https://carbonmade.com"
    },
    "Cart.js": {
        "cats": [
            59
        ],
        "description": "Cart.js is a very small open-source Javascript library that makes the addition of powerful Ajax cart functionality to your Shopify theme a breeze.",
        "icon": "Cart.js.png",
        "scriptSrc": "(?:shopify-cartjs/([\\d\\.]+)|assets)/rivets-cart\\.min\\.js\\;version:\\1",
        "website": "https://cartjs.org"
    },
    "Catberry.js": {
        "cats": [
            12,
            18
        ],
        "description": "Catberry.js is a framework for building isomorphic web applications that render on both the server and client sides using JavaScript.",
        "headers": {
            "X-Powered-By": "Catberry"
        },
        "icon": "Catberry.js.svg",
        "js": {
            "catberry": "",
            "catberry.version": "^(.+)$\\;version:\\1"
        },
        "website": "https://catberry.github.io/"
    },
    "Cecil": {
        "cats": [
            57
        ],
        "description": "Cecil is a CLI application, powered by PHP, that merge plain text files (written in Markdown), images and Twig templates to generate a static website.",
        "icon": "Cecil.svg",
        "meta": {
            "generator": "^Cecil(?: ([0-9.]+))?$\\;version:\\1"
        },
        "website": "https://cecil.app"
    },
    "Cendyn": {
        "cats": [
            1
        ],
        "description": "Cendyn (formerly NextGuest) is a hospitality focused content management system.",
        "headers": {
            "x-powered-by": "^NextGuest CMS"
        },
        "icon": "cendyn.svg",
        "scriptSrc": "plugins\\.traveltripper\\.io/",
        "website": "https://www.cendyn.com"
    },
    "Centminmod": {
        "cats": [
            22
        ],
        "headers": {
            "X-Powered-By": "centminmod"
        },
        "icon": "centminmod.svg",
        "website": "https://centminmod.com"
    },
    "Chai": {
        "cats": [
            59
        ],
        "description": "Chai is a BDD / TDD assertion library for node and the browser that can be paired with any javascript testing framework.",
        "icon": "Chai.svg",
        "js": {
            "chai": "",
            "chai.version": "^(.+)$\\;version:\\1"
        },
        "website": "https://www.chaijs.com"
    },
    "Chakra UI": {
        "cats": [
            66
        ],
        "description": "Chakra UI is a simple, modular and accessible component library that gives you the building blocks you need to build your React applications.",
        "dom": "html[style*='chakra-ui-color-mode'], body.chakra-ui-dark, body.chakra-ui-light, div.chakra-portal",
        "icon": "Chakra UI.svg",
        "scriptSrc": "\\.chakra-ui\\.",
        "website": "https://chakra-ui.com"
    },
    "Chameleon system": {
        "cats": [
            1,
            6
        ],
        "description": "Chameleon system is an ecommerce and content management system all-in-one, capable of being integrated straight from the manufacturer.",
        "icon": "Chameleon system.png",
        "meta": {
            "generator": "Chameleon CMS/Shop System"
        },
        "website": "https://www.chameleon-system.de"
    },
    "Chayns": {
        "cats": [
            1
        ],
        "description": "Chayns is a web platform that enables businesses and organizations to create customizable websites and apps, providing tools for digital communication, content management, and ecommerce integration.",
        "icon": "Chayns.svg",
        "scriptSrc": "api\\.chayns-static\\.space",
        "website": "https://chayns.site"
    },
    "Cherokee": {
        "cats": [
            22
        ],
        "headers": {
            "Server": "^Cherokee(?:/([\\d.]+))?\\;version:\\1"
        },
        "icon": "Cherokee.png",
        "website": "https://www.cherokee-project.com"
    },
    "CherryPy": {
        "cats": [
            22
        ],
        "description": "CherryPy is an object-oriented web application framework using the Python programming language.",
        "headers": {
            "Server": "CherryPy(?:/([\\d.]+))?\\;version:\\1"
        },
        "icon": "CherryPy.svg",
        "website": "https://cherrypy.org/"
    },
    "Choices": {
        "cats": [
            59
        ],
        "description": "Choices.js is a lightweight, configurable select box/text input plugin.",
        "icon": "Choices.png",
        "js": {
            "Choices": ""
        },
        "scriptSrc": [
            "choices\\.js(?:@|/)?([\\d\\.]+)?.+choices\\.min\\.js\\;version:\\1",
            "/modules/choices/js/choices\\.js"
        ],
        "website": "https://github.com/Choices-js/Choices"
    },
    "Chorus": {
        "cats": [
            1
        ],
        "cookies": {
            "_chorus_geoip_continent": "",
            "chorus_preferences": ""
        },
        "description": "Chorus is the only all-in-one publishing, audience, and revenue platform built for modern media companies.",
        "icon": "Chorus.svg",
        "js": {
            "Chorus.AddScript": "",
            "ChorusAds.beforeAdsRequested": "",
            "ChorusCampaigns.recordClickUrl": ""
        },
        "website": "https://getchorus.voxmedia.com"
    },
    "Citizen Space": {
        "cats": [
            1
        ],
        "description": "Citizen Space is an engagement platform by Delib that enhances democratic processes globally.",
        "icon": "CitizenSpace.svg",
        "js": {
            "cs_embedded_content": ""
        },
        "website": "https://www.delib.net/citizen_space"
    },
    "CivicTheme": {
        "cats": [
            66
        ],
        "description": "CivicTheme is an open source, inclusive and component-based design system. It was created so governments and corporations can rapidly assemble modern, consistent and compliant digital experiences.",
        "dom": [
            "img[class*='civictheme-image']",
            "img[class*='civic-image']",
            "img[class*='ct-image']"
        ],
        "icon": "CivicTheme.svg",
        "website": "https://www.civictheme.io/"
    },
    "Ckan": {
        "cats": [
            1
        ],
        "headers": {
            "Access-Control-Allow-Headers": "X-CKAN-API-KEY",
            "Link": "<http://ckan\\.org/>; rel=shortlink"
        },
        "icon": "Ckan.svg",
        "meta": {
            "generator": "^ckan ?([0-9.]+)$\\;version:\\1"
        },
        "website": "https://ckan.org/"
    },
    "Clarity": {
        "cats": [
            66
        ],
        "description": "Clarity is an open-source design system that brings together UX guidelines, an HTML/CSS framework, and Angular components.",
        "dom": "link[href*='clr-ui'], clr-main-container",
        "icon": "clarity.svg",
        "js": {
            "ClarityIcons": ""
        },
        "scriptSrc": "clr-angular(?:\\.umd)?(?:\\.min)?\\.js",
        "website": "https://clarity.design"
    },
    "ClientJS": {
        "cats": [
            59,
            83
        ],
        "description": "ClientJS is a JavaScript library for generating browser fingerprints, exposing all the browser data-points.",
        "icon": "ClientJS.png",
        "js": {
            "ClientJS": ""
        },
        "scriptSrc": [
            "/clientjs@(\\d.*?)/\\;version:\\1",
            "/ClientJS/(?:(\\d.*?)/)?\\;version:\\1"
        ],
        "website": "https://clientjs.org"
    },
    "ClientXCMS": {
        "cats": [
            1
        ],
        "description": "ClientXCMS is a content management system that provides a drag-and-drop interface, customisable templates, user and media management, and website analytics to help businesses manage their website content.",
        "icon": "ClientXCMS.svg",
        "js": {
            "CLIENTXCMSCurrency": ""
        },
        "website": "https://clientxcms.com"
    },
    "Clipboard.js": {
        "cats": [
            59
        ],
        "icon": "Clipboard.js.svg",
        "scriptSrc": "clipboard(?:-([\\d.]+))?(?:\\.min)?\\.js\\;version:\\1",
        "website": "https://clipboardjs.com/"
    },
    "Closure Library": {
        "cats": [
            59
        ],
        "description": "Closure Library is a JavaScript library developed by Google for building robust web applications, offering utilities for DOM manipulation, event handling, data structures, and more.",
        "dom": {
            "script": {
                "text": "Copyright\\sThe\\sClosure\\sLibrary\\sAuthors"
            }
        },
        "icon": "Google.svg",
        "website": "https://github.com/google/closure-library"
    },
    "CloudCannon": {
        "cats": [
            1
        ],
        "description": "CloudCannon is a web development platform and content management system (CMS).",
        "dom": "[data-cms-editor-link*='cloudcannon:'], a[href*='cloudcannon:']",
        "headers": {
            "cc-build-id": "\\d+"
        },
        "icon": "CloudCannon.svg",
        "website": "https://cloudcannon.com"
    },
    "Cloudrexx": {
        "cats": [
            1
        ],
        "description": "Cloudrexx is a proprietary content management system that provides customisable templates and built-in modules for managing content, ecommerce, events, newsletters, and more, along with tools for SEO, social media integration, and multilingual support.",
        "icon": "Cloudrexx.svg",
        "meta": {
            "generator": "^cloudrexx$"
        },
        "website": "https://www.cloudrexx.com"
    },
    "Coaster CMS": {
        "cats": [
            1
        ],
        "icon": "coaster-cms.svg",
        "meta": {
            "generator": "^Coaster CMS v([\\d.]+)$\\;version:\\1"
        },
        "website": "https://www.coastercms.org"
    },
    "Concrete CMS": {
        "cats": [
            1
        ],
        "cookies": {
            "CONCRETE5": ""
        },
        "icon": "Concrete CMS.svg",
        "js": {
            "CCM_IMAGE_PATH": "",
            "Concrete": "",
            "ConcreteAlert": "",
            "ConcreteEvent": ""
        },
        "meta": {
            "generator": "^concrete5(?: - ([\\d.]+)$)?\\;version:\\1"
        },
        "scriptSrc": "/concrete/js/",
        "website": "https://www.concretecms.com/"
    },
    "Congressus": {
        "cats": [
            1
        ],
        "cookies": {
            "_gat_congressus_analytics": "",
            "congressus_session": ""
        },
        "description": "Congressus is a Dutch-language online application for member administration, financial management, communication and a linked website with webshop.",
        "icon": "Congressus.svg",
        "meta": {
            "generator": "^Congressus\\s-\\s.+$"
        },
        "website": "https://congressus.nl"
    },
    "Contao": {
        "cats": [
            1
        ],
        "description": "Contao is an open source CMS that allows you to create websites and scalable web applications.",
        "dom": "link[href*='/typolight.css'], link[href*='/contao.css']",
        "icon": "Contao.svg",
        "meta": {
            "generator": "^Contao Open Source CMS$"
        },
        "website": "https://contao.org"
    },
    "Contenido": {
        "cats": [
            1
        ],
        "description": "Contenido is a robust content management system (CMS) tailored for efficient creation and administration of digital content across websites and online projects.",
        "icon": "Contenido.svg",
        "meta": {
            "generator": "Contenido ([\\d.]+)\\;version:\\1"
        },
        "website": "https://contenido.org/en"
    },
    "Contensis": {
        "cats": [
            1
        ],
        "icon": "Contensis.svg",
        "meta": {
            "generator": "Contensis CMS Version ([\\d.]+)\\;version:\\1"
        },
        "website": "https://zengenti.com/en-gb/products/contensis"
    },
    "ContentBox": {
        "cats": [
            1,
            11
        ],
        "icon": "ContentBox.png",
        "meta": {
            "generator": "ContentBox powered by ColdBox"
        },
        "website": "https://www.gocontentbox.org"
    },
    "Contentful": {
        "cats": [
            1
        ],
        "description": "Contentful is an API-first content management platform to create, manage and publish content on any digital channel.",
        "headers": {
            "x-contentful-request-id": ""
        },
        "icon": "Contentful.svg",
        "website": "https://www.contentful.com"
    },
    "Contento": {
        "cats": [
            1
        ],
        "description": "Contento is a headless CMS tailored to prioritize the needs of marketers.",
        "icon": "Contento.svg",
        "website": "https://www.contento.io"
    },
    "Contentstack": {
        "cats": [
            1
        ],
        "description": "Contentstack is a headless CMS software designed to help businesses deliver personalised content experiences to audiences via multiple channels.",
        "dom": {
            "img[src*='contentstack']": {
                "attributes": {
                    "src": "\\.contentstack\\.(?:io|com)/"
                }
            }
        },
        "icon": "Contentstack.svg",
        "website": "https://www.contentstack.com"
    },
    "CoreMedia Content Cloud": {
        "cats": [
            1,
            95
        ],
        "description": "CoreMedia Content Cloud is an agile content management and digital asset management platform.",
        "icon": "CoreMedia Content Cloud.svg",
        "meta": {
            "coremedia_content_id": "",
            "generator": "^CoreMedia C(?:ontent Cloud|MS)$"
        },
        "website": "https://www.coremedia.com"
    },
    "CoreUI": {
        "cats": [
            66
        ],
        "description": "CoreUI provides cloud hosting, web and mobile design, animations, wireframes, and UX testing services.",
        "icon": "CoreUI.svg",
        "js": {
            "coreui": ""
        },
        "website": "https://coreui.io"
    },
    "Cosmic": {
        "cats": [
            1
        ],
        "description": "Cosmic is a cloud-based CMS that provides developers with an API and web interface for content management, enabling the creation of custom content types, relationship definitions, and webhooks for actions based on content changes.",
        "dom": "link[href*='.cosmicjs.com/'], img[src*='.cosmicjs.com/'], img[data-src*='.cosmicjs.com/']",
        "icon": "cosmicjs.svg",
        "website": "https://www.cosmicjs.com"
    },
    "Cotonti": {
        "cats": [
            1
        ],
        "description": "Cotonti is an open-source content management system and development framework offering flexibility and modularity for building and managing websites and web applications.",
        "icon": "Cotonti.svg",
        "meta": {
            "generator": "Cotonti"
        },
        "website": "https://www.cotonti.com"
    },
    "CouchDB": {
        "cats": [
            22
        ],
        "headers": {
            "Server": "CouchDB/([\\d.]+)\\;version:\\1"
        },
        "icon": "CouchDB.svg",
        "website": "https://couchdb.apache.org"
    },
    "Cowboy": {
        "cats": [
            22
        ],
        "description": "Cowboy is a small, fast, modular HTTP server written in Erlang.",
        "headers": {
            "Server": "^Cowboy$"
        },
        "icon": "Cowboy.png",
        "website": "https://github.com/ninenines/cowboy"
    },
    "CppCMS": {
        "cats": [
            1
        ],
        "headers": {
            "X-Powered-By": "^CppCMS/([\\d.]+)$\\;version:\\1"
        },
        "icon": "CppCMS.png",
        "website": "https://cppcms.com"
    },
    "Craft CMS": {
        "cats": [
            1
        ],
        "cookies": {
            "CRAFT_CSRF_TOKEN": "",
            "CraftSessionId": ""
        },
        "description": "Craft CMS is a content management system for building bespoke websites.",
        "headers": {
            "X-Powered-By": "\\bCraft CMS\\b"
        },
        "icon": "Craft CMS.svg",
        "website": "https://craftcms.com/"
    },
    "Cratejoy": {
        "cats": [
            1,
            6
        ],
        "cookies": {
            "cratejoy_muffin42": "",
            "statjoy_metrics": ""
        },
        "description": "Cratejoy is a brand new ecommerce platform with a focus on subscription payments.",
        "icon": "Cratejoy.png",
        "js": {
            "statjoyServer": "stats\\.cratejoy\\.com"
        },
        "website": "https://www.cratejoy.com"
    },
    "CrownPeak": {
        "cats": [
            1,
            19
        ],
        "description": "CrownPeak is a cloud-based Digital Experience Platform (DXP).",
        "icon": "CrownPeak.svg",
        "js": {
            "CrownPeakAutocomplete": "",
            "CrownPeakSearch": ""
        },
        "scriptSrc": "js/crownpeak\\.",
        "website": "https://www.crownpeak.com"
    },
    "core-js": {
        "cats": [
            59
        ],
        "description": "core-js is a modular standard library for JavaScript, with polyfills for cutting-edge ECMAScript features.",
        "icon": "core-js.png",
        "js": {
            "__core-js_shared__": "",
            "__core-js_shared__.versions.0.version": "^(.+)$\\;version:\\1",
            "_babelPolyfill": "",
            "core": "",
            "core.version": "^(.+)$\\;version:\\1"
        },
        "website": "https://github.com/zloirock/core-js"
    },
    "crypto-js": {
        "cats": [
            59
        ],
        "description": "crypto-js is a JavaScript library of crypto standards.",
        "icon": "default.svg",
        "js": {
            "CryptoJS.Rabbit": "",
            "CryptoJS.algo": ""
        },
        "scriptSrc": "(?:/([\\d\\.-]+))?/crypto-js(?:\\.min)?\\.js\\;version:\\1",
        "website": "https://github.com/brix/crypto-js"
    }
}