{
    "DHTMLX": {
        "cats": [
            59
        ],
        "description": "DHTMLX specialises in building JavaScript UI libraries for project management, event planning, big data visualisation, and reporting.",
        "icon": "DHTMLX.svg",
        "js": {
            "dhtmlDragAndDropObject": "",
            "dhtmlXTreeItemObject": ""
        },
        "scriptSrc": "/dhtmlxcommon\\.js",
        "website": "https://dhtmlx.com"
    },
    "DM Polopoly": {
        "cats": [
            1
        ],
        "description": "DM Polopoly is a web content management solution focused on enhancing the user experience built by Atex.",
        "dom": "img[data-src*='/polopoly_fs/'], link[href*='/polopoly_fs/'], img[src*='/polopoly_fs/']",
        "icon": "DM Polopoly.svg",
        "website": "https://www.atex.com/products/dm-polopoly"
    },
    "DNN": {
        "cats": [
            1
        ],
        "cookies": {
            "DotNetNukeAnonymous": ""
        },
        "headers": {
            "Cookie": "dnn_IsMobile=",
            "DNNOutputCache": "",
            "X-Compressed-By": "DotNetNuke"
        },
        "icon": "DNN.svg",
        "js": {
            "DotNetNuke": "",
            "__dnncore": "",
            "dnn.apiversion": "^([\\d\\.]+)$\\;version:\\1",
            "dnnJscriptVersion": ""
        },
        "meta": {
            "generator": "DotNetNuke"
        },
        "scriptSrc": [
            "/js/dnncore\\.js",
            "/js/dnn\\.js"
        ],
        "website": "https://www.dnnsoftware.com/"
    },
    "Danneo CMS": {
        "cats": [
            1
        ],
        "headers": {
            "X-Powered-By": "CMS Danneo ([\\d.]+)\\;version:\\1"
        },
        "meta": {
            "generator": "Danneo CMS ([\\d.]+)\\;version:\\1"
        },
        "website": "https://danneo.ru/"
    },
    "Daphne": {
        "cats": [
            22
        ],
        "headers": {
            "Server": "Daphne"
        },
        "icon": "daphne.svg",
        "website": "https://github.com/django/daphne"
    },
    "Darkmode.js": {
        "cats": [
            59
        ],
        "description": "Darkmode.js is a JavaScript library that enables an HTML element to switch between CSS themes.",
        "icon": "default.svg",
        "js": {
            "Darkmode": ""
        },
        "scriptSrc": "darkmode-js@([\\d\\.]+)/lib/darkmode-js\\.min\\.js\\;version:\\1",
        "website": "https://github.com/sandoche/Darkmode.js"
    },
    "DataLife Engine": {
        "cats": [
            1
        ],
        "icon": "DataLife Engine.svg",
        "js": {
            "dle_root": ""
        },
        "meta": {
            "generator": "DataLife Engine"
        },
        "website": "https://dle-news.ru"
    },
    "DataTables": {
        "cats": [
            59
        ],
        "description": "DataTables is a plug-in for the jQuery Javascript library adding advanced features like pagination, instant search, themes, and more to any HTML table.",
        "icon": "DataTables.png",
        "js": {
            "$.fn.dataTable.version": "^(.+)$\\;version:\\1",
            "jQuery.fn.dataTable.version": "^(.+)$\\;version:\\1"
        },
        "scriptSrc": "dataTables.*\\.js",
        "website": "https://datatables.net"
    },
    "DatoCMS": {
        "cats": [
            1
        ],
        "description": "DatoCMS is a cloud-based headless Content as a service (CaaS) platform created to work with static websites, mobile apps and server-side applications of any kind.",
        "dom": "link[href*='datocms-assets.com'], img[src*='datocms-assets.com'], source[src*='datocms-assets.com'], div[style*='datocms-assets.com']",
        "headers": {
            "content-security-policy": "\\.datocms-assets\\.com"
        },
        "icon": "DatoCMS.svg",
        "website": "https://www.datocms.com"
    },
    "Day.js": {
        "cats": [
            59
        ],
        "icon": "Day.js.svg",
        "js": {
            "dayjs": ""
        },
        "website": "https://github.com/iamkun/dayjs"
    },
    "Decap CMS": {
        "cats": [
            1
        ],
        "description": "Decap CMS is an open-source content management system designed to integrate with Git workflows.",
        "icon": "DecapCMS.svg",
        "js": {
            "DecapCms.getBackend": "",
            "DecapCmsApp.getBackend": "",
            "webpackChunkdecap_website": ""
        },
        "website": "https://decapcms.org"
    },
    "DedeCMS": {
        "cats": [
            1
        ],
        "description": "DedeCMS is an open-source content management system developed by Shanghai Zhi Zhuo Network Technology, known for its customizable templates and strong SEO capabilities.",
        "icon": "DedeCMS.svg",
        "js": {
            "DedeContainer": ""
        },
        "scriptSrc": "dedeajax",
        "website": "https://dedecms.com"
    },
    "Demio": {
        "cats": [
            1
        ],
        "description": "Demio is a webinar platform designed for marketing purposes.",
        "dom": "script#demio-js",
        "icon": "Demio.svg",
        "js": {
            "DEMIO_API_URI": ""
        },
        "website": "https://www.demio.com"
    },
    "Deno": {
        "cats": [
            22
        ],
        "description": "A modern runtime for JavaScript and TypeScript.",
        "icon": "deno.svg",
        "website": "https://deno.land"
    },
    "DeskPro": {
        "cats": [
            1,
            53
        ],
        "description": "DeskPro is multi channel helpdesk software for managing customer and citizen requests via email, forms, chat, social and voice.",
        "icon": "DeskPro.svg",
        "meta": {
            "generator": "^DeskPRO.+$"
        },
        "website": "https://www.deskpro.com"
    },
    "DevExtreme": {
        "cats": [
            66
        ],
        "description": "DevExtreme is a collection of JavaScript UI components designed for Angular, React, Vue, and jQuery, developed by DevExpress.",
        "icon": "DevExtreme.svg",
        "js": {
            "DevExpress._DEVEXTREME_BUNDLE_INITIALIZED": ""
        },
        "website": "https://js.devexpress.com"
    },
    "Directus": {
        "cats": [
            1
        ],
        "description": "Directus is a free and open-source headless CMS framework for managing custom SQL-based databases.",
        "headers": {
            "x-powered-by": "^Directus$"
        },
        "icon": "Directus.svg",
        "website": "https://directus.io"
    },
    "Django CMS": {
        "cats": [
            1
        ],
        "description": "Django CMS is a free and open source content management system platform for publishing content on the World Wide Web and intranets.",
        "icon": "Django CMS.svg",
        "scriptSrc": "/djangocms_",
        "website": "https://www.django-cms.org"
    },
    "Docusaurus": {
        "cats": [
            4,
            57
        ],
        "description": "Docusaurus is a tool for teams to publish documentation websites.",
        "icon": "docusaurus.svg",
        "js": {
            "__DOCUSAURUS_INSERT_BASEURL_BANNER": "",
            "docusaurus": "",
            "search.indexName": ""
        },
        "meta": {
            "docusaurus_locale": "",
            "docusaurus_tag": "",
            "generator": "^Docusaurus(?: v(.+))?$\\;version:\\1"
        },
        "website": "https://docusaurus.io/"
    },
    "Dojo": {
        "cats": [
            59
        ],
        "icon": "Dojo.png",
        "js": {
            "dojo": "",
            "dojo.version.major": "^(.+)$\\;version:\\1"
        },
        "scriptSrc": "([\\d.]+)/dojo/dojo(?:\\.xd)?\\.js\\;version:\\1",
        "website": "https://dojotoolkit.org"
    },
    "Dorik AI": {
        "cats": [
            66
        ],
        "description": "Dorik is an AI website-building platform that requires no design or coding experience.",
        "dom": "link[href*='cdn.dorik.com'], section[class*='dorik-section'] ",
        "icon": "DorikAI.svg",
        "website": "https://dorik.com"
    },
    "Dropzone": {
        "cats": [
            59
        ],
        "description": "Dropzone is a JavaScript library that turns any HTML element into a dropzone.",
        "icon": "Dropzone.svg",
        "js": {
            "Dropzone": "",
            "Dropzone.version": "([\\d\\.]+)\\;version:\\1"
        },
        "website": "https://www.dropzone.dev"
    },
    "Drupal": {
        "cats": [
            1
        ],
        "description": "Drupal is a free and open-source web content management framework.",
        "headers": {
            "Expires": "19 Nov 1978",
            "X-Drupal-Cache": "",
            "X-Generator": "^Drupal(?:\\s([\\d.]+))?\\;version:\\1"
        },
        "icon": "Drupal.svg",
        "js": {
            "Drupal": ""
        },
        "meta": {
            "generator": "^Drupal(?:\\s([\\d.]+))?\\;version:\\1"
        },
        "scriptSrc": "drupal\\.js",
        "website": "https://www.drupal.org/"
    },
    "Duda": {
        "cats": [
            1,
            51
        ],
        "description": "Duda is a user-friendly website builder and CMS platform that enables businesses and individuals to create responsive, mobile-friendly websites without extensive coding knowledge.",
        "icon": "Duda.svg",
        "js": {
            "SystemID": "^.*DIRECT.*$",
            "d_version": "^(.*)$\\;version:\\1\\;confidence:0"
        },
        "scriptSrc": "dd-cdn\\.multiscreensite\\.com/",
        "website": "https://www.duda.co"
    },
    "Dynamicweb": {
        "cats": [
            1,
            6
        ],
        "cookies": {
            "Dynamicweb": ""
        },
        "description": "Dynamicweb is a all-in-one platform for content management, ecommerce, digital marketing\u200b, product information management (PIM) and integration.",
        "dom": "input[value='dynamicweb.com']",
        "icon": "Dynamicweb.svg",
        "meta": {
            "generator": "Dynamicweb ([\\d.]+)\\;version:\\1"
        },
        "website": "https://www.dynamicweb.dk"
    },
    "daisyUI": {
        "cats": [
            66
        ],
        "description": "daisyUI is a customisable Tailwind CSS component library that prevents verbose markup in frontend applications. With a focus on customising and creating themes for user interfaces, daisyUI uses pure CSS and Tailwind utility classes, allowing developers to write clean HTML.",
        "dom": {
            "link[href*='npm/daisyui']": {
                "attributes": {
                    "href": "/npm/daisyui@([\\d\\.]+)/dist/\\;version:\\1"
                }
            }
        },
        "icon": "daisyUI.svg",
        "website": "https://daisyui.com"
    },
    "decimal.js": {
        "cats": [
            59
        ],
        "icon": "decimal.js.png",
        "js": {
            "Decimal.ROUND_HALF_FLOOR": ""
        },
        "scriptSrc": [
            "decimal[.-]([\\d.]*\\d+)(?:\\.min)?\\.js\\;version:\\1",
            "/([\\d.]*\\d+)/decimal(?:\\.min)?\\.js\\;version:\\1",
            "decimal(?:\\.min)?\\.js(?:\\?ver(?:sion)?=([\\d.]*\\d+))?\\;version:\\1"
        ],
        "website": "https://mikemcl.github.io/decimal.js/"
    }
}