{
    "E-monsite": {
        "cats": [
            1
        ],
        "description": "E-monsite is a web-based platform that allows users to create and customise their own websites using a range of templates and features, without requiring coding or technical skills.",
        "icon": "E-monsite.svg",
        "meta": {
            "generator": "^e-monsite\\s\\(e-monsite\\.com\\)$"
        },
        "website": "https://www.e-monsite.com"
    },
    "ELOG HTTP": {
        "cats": [
            22
        ],
        "headers": {
            "Server": "ELOG HTTP ?([\\d.-]+)?\\;version:\\1"
        },
        "icon": "ELOG.png",
        "website": "https://midas.psi.ch/elog"
    },
    "ERPNext": {
        "cats": [
            1
        ],
        "description": "ERPNext is a free and open-source integrated Enterprise Resource Planning (ERP) software developed by Frappe Technologies.",
        "icon": "ERPNext.svg",
        "js": {
            "erpnext.shopping_cart": "",
            "erpnext.subscribe_to_newsletter": ""
        },
        "website": "https://erpnext.com"
    },
    "EZproxy": {
        "cats": [
            22,
            64
        ],
        "description": "EZproxy is a web server and a reverse proxy that is usually used by libraries as a reverse proxy in front of electronic educational resources databases (e.g.: Scopus, PubMed, or Web of Science) in order to provide authentication and protect privacy.",
        "headers": {
            "server": "^EZproxy$"
        },
        "icon": "default.svg",
        "website": "https://www.oclc.org/en/ezproxy.html"
    },
    "EaselJS": {
        "cats": [
            59
        ],
        "description": "EaselJS is a JavaScript library designed to simplify working with the HTML5 Canvas element, making it useful for creating games, generative art, and other graphical applications.",
        "icon": "EaselJS.svg",
        "scriptSrc": "/easeljs\\.min\\.js",
        "website": "https://createjs.com/easeljs"
    },
    "EasyUI": {
        "cats": [
            66
        ],
        "description": "EasyUI is a UI framework that provides a set of customizable components and widgets for building interactive web applications.",
        "scriptSrc": "/jquery\\.easyui\\.min\\.js",
        "website": "https://jeasyui.com"
    },
    "Ebasnet": {
        "cats": [
            1
        ],
        "description": "Ebasnet is a web project creation and management platform in the cloud. It allows anyone to set up an online store or corporate website without prior IT knowledge.",
        "icon": "Ebasnet.svg",
        "meta": {
            "author": "^Ebasnet Web Solutions$"
        },
        "scriptSrc": "cdnebasnet\\.com/",
        "website": "https://ebasnet.com"
    },
    "Ektron CMS": {
        "cats": [
            1
        ],
        "description": "Ektron CMS is developed on the Microsoft .NET framework and is 100% ASP.NET. In 2015 Ektron merged with EPiServer.",
        "icon": "Optimizely.svg",
        "js": {
            "Ektron": ""
        },
        "scriptSrc": "/ektron\\.javascript\\.ashx",
        "website": "https://www.optimizely.com/ektron-cms"
    },
    "Elcom": {
        "cats": [
            1
        ],
        "description": "The Elcom Platform is a web content management and intranet portal software written in Microsoft ASP.NET and SQL Server by Elcom Technology.",
        "icon": "elcom.svg",
        "meta": {
            "generator": "^elcomCMS"
        },
        "website": "https://www.elcom.com.au/"
    },
    "Eleanor CMS": {
        "cats": [
            1
        ],
        "icon": "Eleanor CMS.png",
        "meta": {
            "generator": "Eleanor"
        },
        "website": "https://eleanor-cms.ru"
    },
    "Element UI": {
        "cats": [
            66
        ],
        "description": "Element UI is an open-source component library specifically designed for Vue.js, offering a collection of pre-designed UI components such as buttons, forms, tables, and modals.",
        "dom": {
            "[class*='el-']": {
                "attributes": {
                    "class": "el-(?:table-column|table-filter|popper|pagination|pager|select-group|form|form-item|color-predefine|color-hue-slider|color-svpanel|color-alpha-slider|color-dropdown|color-picker|badge|tree|tree-node|select|message|dialog|checkbox|checkbox-button|checkbox-group|container|steps|carousel|menu|menu-item|submenu|menu-item-group|button|button-group|card|table|select-dropdown|row|tabs|notification|radio|progress|progress-bar|tag|popover|tooltip|cascader|cascader-menus|cascader-menu|time-spinner|spinner|spinner-inner|transfer|transfer-panel|rate|slider|dropdown|dropdown-menu|textarea|input|input-group|popup-parent|radio-group|main|breadcrumb|time-range-picker|date-range-picker|year-table|date-editor|range-editor|time-spinner|date-picker|time-panel|date-table|month-table|picker-panel|collapse|collapse-item|alert|select-dropdown|select-dropdown__empty|select-dropdown__wrap|select-dropdown__list|scrollbar|switch|carousel|upload|upload-dragger|upload-list|upload-cover|aside|input-number|header|message-box|footer|radio-button|step|autocomplete|autocomplete-suggestion|loading-parent|loading-mask|loading-spinner)"
                }
            }
        },
        "icon": "ElementUI.svg",
        "website": "https://element.eleme.io/"
    },
    "Eleventy": {
        "cats": [
            57
        ],
        "description": "Eleventy (11ty) a simpler static site generator.",
        "icon": "Eleventy.svg",
        "meta": {
            "generator": "^Eleventy\\sv([\\d\\.]+)$\\;version:\\1"
        },
        "website": "https://www.11ty.dev"
    },
    "Elm": {
        "cats": [
            27,
            12
        ],
        "description": "Elm is a statically typed functional programming language created by Evan Czaplicki in 2012 for building web applications.",
        "icon": "elm.svg",
        "js": {
            "Elm.Main.embed": "\\;version:0.18",
            "Elm.Main.init": "\\;version:0.19"
        },
        "website": "https://elm-lang.org/"
    },
    "EmbedThis Appweb": {
        "cats": [
            22
        ],
        "headers": {
            "Server": "Mbedthis-Appweb(?:/([\\d.]+))?\\;version:\\1"
        },
        "icon": "Embedthis.svg",
        "website": "https://embedthis.com/appweb"
    },
    "Ember.js": {
        "cats": [
            12
        ],
        "description": "Ember.js is a comprehensive JavaScript framework that simplifies the development of modern web applications by providing a powerful CLI, a built-in router, and a fast rendering engine.",
        "icon": "Ember.js.svg",
        "js": {
            "Ember": "",
            "Ember.VERSION": "^(.+)$\\;version:\\1",
            "EmberENV": ""
        },
        "website": "https://emberjs.com"
    },
    "Emotion": {
        "cats": [
            12,
            47
        ],
        "description": "Emotion is a library designed for writing CSS styles with JavaScript.",
        "dom": "style[data-emotion], style[data-emotion-css]",
        "icon": "Emotion.svg",
        "website": "https://emotion.sh"
    },
    "Enjin CMS": {
        "cats": [
            1
        ],
        "description": "Enjin CMS is a content management system which focused creation of websites for gaming guilds, clans, Minecraft servers, or fan communities.",
        "icon": "Enjin.svg",
        "js": {
            "Enjin_Core_Storage_Cache": "",
            "Enjin_UI": ""
        },
        "scriptSrc": "\\.enjin\\.com/",
        "website": "https://www.enjin.com"
    },
    "Enjore": {
        "cats": [
            1
        ],
        "description": "Enjore is an online sports administration system designed to manage schedules, results, statistics, and news for all leagues and tournaments.",
        "dom": "link[href*='cdn.enjore.com/']",
        "icon": "Enjore.svg",
        "website": "https://www.enjore.com"
    },
    "Enonic": {
        "cats": [
            1
        ],
        "cookies": {
            "com-enonic-app-ga_disabled": ""
        },
        "description": "Enonic is a platform that helps you to create digital experiences by structuring and composing content.",
        "icon": "Enonic.svg",
        "meta": {
            "author": "^Enonic$"
        },
        "website": "https://www.enonic.com"
    },
    "Envoy": {
        "cats": [
            64
        ],
        "description": "Envoy is an open-source edge and service proxy, designed for cloud-native applications.",
        "headers": {
            "Server": "^envoy$",
            "x-envoy-upstream-service-time": ""
        },
        "icon": "Envoy.svg",
        "website": "https://www.envoyproxy.io/"
    },
    "Enyo": {
        "cats": [
            12,
            26
        ],
        "description": "Enyo is an open-source JavaScript framework for cross-platform for mobile, desktop, TV and web applications.",
        "icon": "Enyo.png",
        "js": {
            "enyo": ""
        },
        "scriptSrc": "enyo\\.js",
        "website": "https://enyojs.com"
    },
    "Essent SiteBuilder Pro": {
        "cats": [
            1,
            6
        ],
        "description": "Essent SiteBuilder Pro is a fully-integrated web-based website design system, content management and ecommerce system.",
        "dom": "a[href*='www.essent.com'][target='_blank']",
        "icon": "Essent.png",
        "meta": {
            "GENERATOR": "^Essent\u00ae SiteBuilder Pro$"
        },
        "website": "https://www.essent.com/SiteBuilderPro.html"
    },
    "Essential JS 2": {
        "cats": [
            12,
            59
        ],
        "dom": "[class*='e-control'][class~='e-lib']",
        "icon": "Syncfusion.svg",
        "website": "https://www.syncfusion.com/javascript-ui-controls"
    },
    "Ethers": {
        "cats": [
            59
        ],
        "description": "Ethers is a complete, tiny and simple Ethereum library.",
        "icon": "Ethers.svg",
        "js": {
            "_ethers": ""
        },
        "website": "https://ethers.org/"
    },
    "Evolve Media": {
        "cats": [
            1
        ],
        "description": "Evolve Media is a publishing platform that offers contextual environments for partners to connect and engage with millions of loyal readers through passionate writing and artful storytelling.",
        "icon": "EvolveMedia.svg",
        "js": {
            "EvolveGtagId": "",
            "EvolveMediaMainSettings": ""
        },
        "website": "https://www.evolvemediallc.com"
    },
    "Express": {
        "cats": [
            18,
            22
        ],
        "description": "Express is a web application framework for Node.js, released as free and open-source software under the MIT License. It is designed for building web applications and APIs.",
        "headers": {
            "X-Powered-By": "^Express(?:$|,)"
        },
        "icon": "Express.svg",
        "website": "https://expressjs.com"
    },
    "ExpressionEngine": {
        "cats": [
            1
        ],
        "cookies": {
            "exp_csrf_token": "",
            "exp_last_activity": "",
            "exp_tracker": ""
        },
        "description": "ExpressionEngine is a free and open-source CMS.",
        "icon": "ExpressionEngine.svg",
        "website": "https://expressionengine.com/"
    },
    "ExtJS": {
        "cats": [
            12
        ],
        "description": "ExtJS is a JavaScript framework developed by Sencha, designed for creating feature-rich, cross-platform web applications with a comprehensive set of UI components and tools.",
        "icon": "ExtJS.svg",
        "js": {
            "Ext": "",
            "Ext.version": "^(.+)$\\;version:\\1",
            "Ext.versions.extjs.version": "^(.+)$\\;version:\\1"
        },
        "scriptSrc": "ext-base\\.js",
        "website": "https://www.sencha.com"
    },
    "e107": {
        "cats": [
            1
        ],
        "cookies": {
            "e107_tz": ""
        },
        "headers": {
            "X-Powered-By": "e107"
        },
        "icon": "e107.svg",
        "scriptSrc": "[^a-z\\d]e107\\.js",
        "website": "https://e107.org"
    },
    "eClass": {
        "cats": [
            1
        ],
        "description": "eClass is an online learning platform.",
        "icon": "eClass.svg",
        "js": {
            "fe_eclass": "\\;confidence:50",
            "fe_eclass_guest": "\\;confidence:50"
        },
        "website": "https://www.eclass.com.hk"
    },
    "eSyndiCat": {
        "cats": [
            1
        ],
        "headers": {
            "X-Drectory-Script": "^eSyndiCat"
        },
        "icon": "eSyndiCat.png",
        "js": {
            "esyndicat": ""
        },
        "meta": {
            "generator": "^eSyndiCat "
        },
        "website": "https://esyndicat.com"
    },
    "eZ Publish": {
        "cats": [
            1,
            6
        ],
        "cookies": {
            "eZSESSID": ""
        },
        "headers": {
            "X-Powered-By": "^eZ Publish"
        },
        "icon": "eZ.svg",
        "meta": {
            "generator": "eZ Publish"
        },
        "website": "https://github.com/ezsystems/ezpublish-legacy"
    },
    "ef.js": {
        "cats": [
            12
        ],
        "icon": "ef.js.svg",
        "js": {
            "ef.version": "^(.+)$\\;version:\\1",
            "efCore": ""
        },
        "scriptSrc": "/ef(?:-core)?(?:\\.min|\\.dev)?\\.js",
        "website": "https://ef.js.org"
    },
    "enduro.js": {
        "cats": [
            1
        ],
        "headers": {
            "X-Powered-By": "^enduro\\.js"
        },
        "icon": "enduro.js.svg",
        "website": "https://endurojs.com"
    },
    "experiencedCMS": {
        "cats": [
            1
        ],
        "icon": "experiencedCMS_Logo.png",
        "meta": {
            "generator": "^experiencedCMS$"
        },
        "website": "https://experiencedcms.berkearas.de"
    }
}