{
    "F5 BigIP": {
        "cats": [
            64
        ],
        "cookies": {
            "F5_HT_shrinked": "",
            "F5_ST": "",
            "F5_fullWT": "",
            "LastMRH_Session": "",
            "MRHSHint": "",
            "MRHSequence": "",
            "MRHSession": "",
            "TIN": ""
        },
        "description": "F5's BIG-IP is a family of products covering software and hardware designed around application availability, access control, and security solutions.",
        "headers": {
            "server": "^big-?ip$"
        },
        "icon": "F5.svg",
        "website": "https://www.f5.com/products/big-ip-services"
    },
    "FancyBox": {
        "cats": [
            59
        ],
        "description": "FancyBox is a tool for displaying images, html content and multi-media in a Mac-style 'lightbox' that floats overtop of web page.",
        "icon": "FancyBox.svg",
        "js": {
            "$.fancybox.version": "^(.+)$\\;version:\\1",
            "Fancybox.version": "^(.+)$\\;version:\\1",
            "jQuery.fancybox.version": "^(.+)$\\;version:\\1"
        },
        "scriptSrc": "jquery\\.fancybox(?:\\.pack|\\.min)?\\.js(?:\\?v=([\\d.]+))?$\\;version:\\1",
        "website": "https://fancyapps.com/fancybox"
    },
    "FilePond": {
        "cats": [
            59
        ],
        "description": "FilePond is a JavaScript library for file uploads.",
        "icon": "filepond.svg",
        "js": {
            "FilePond": "",
            "FilePond.create": "",
            "FilePond.setOptions": ""
        },
        "scriptSrc": "filepond.js",
        "website": "https://pqina.nl/filepond/"
    },
    "FingerprintJS": {
        "cats": [
            59,
            83
        ],
        "description": "FingerprintJS is a browser fingerprinting library that queries browser attributes and computes a hashed visitor identifier from them.",
        "icon": "FingerprintJS.svg",
        "js": {
            "Fingerprint": "(\\d)?$\\;version:\\1",
            "Fingerprint2": "",
            "Fingerprint2.VERSION": "^(.+)$\\;version:\\1",
            "FingerprintJS": ""
        },
        "scriptSrc": [
            "fingerprint(?:/fp)?(\\d)?(?:\\.min)?\\.js\\;version:\\1",
            "fingerprintjs(?:\\-pro|2)?(?:@|/)(\\d.*?)?/\\;version:\\1"
        ],
        "website": "https://fingerprintjs.com"
    },
    "Flask": {
        "cats": [
            18,
            22
        ],
        "description": "Flask is a Python micro web framework ideal for rapidly constructing web applications, offering minimalism, flexibility, and modularity.",
        "headers": {
            "Server": "Werkzeug/?([\\d\\.]+)?\\;version:\\1"
        },
        "icon": "Flask.svg",
        "website": "https://github.com/pallets/flask/"
    },
    "Flat UI": {
        "cats": [
            66
        ],
        "icon": "Flat UI.svg",
        "website": "https://designmodo.github.io/Flat-UI/"
    },
    "Flazio": {
        "cats": [
            1,
            51
        ],
        "description": "Flazio is an Italian website builder.",
        "icon": "Flazio.svg",
        "js": {
            "_exaudiflazio": "",
            "flazio_global_conversion": ""
        },
        "scriptSrc": "//flazio\\.org/",
        "website": "https://flazio.com"
    },
    "FlexCMP": {
        "cats": [
            1
        ],
        "description": "FlexCMP is a content management system (CMS) designed to facilitate the creation, management, and publishing of digital content.",
        "headers": {
            "X-Flex-Lang": "",
            "X-Powered-By": "FlexCMP.+\\[v\\. ([\\d.]+)\\;version:\\1"
        },
        "icon": "FlexCMP.svg",
        "meta": {
            "generator": "^FlexCMP"
        },
        "website": "https://www.flexcmp.com/cms/home"
    },
    "Flickity": {
        "cats": [
            59
        ],
        "description": "Flickity is a JavaScript slider library, built by David DeSandro of Metafizzy fame.",
        "dom": "style[data-context='foundation-flickity-css'], div.flickity-enabled",
        "js": {
            "Flickity": ""
        },
        "scriptSrc": "flickity(?:/|@)([\\d\\.]+).+flickity(?:\\.pkgd)?(?:\\.min)?\\.js\\;version:\\1",
        "website": "https://flickity.metafizzy.co"
    },
    "FlipBuilder": {
        "cats": [
            1
        ],
        "description": "FlipBuilder is a tool that enables the batch conversion of standard PDF files into interactive booklets, featuring page flip animations and sound effects.",
        "icon": "FlipBuilder.svg",
        "meta": {
            "Generator": "Flip PDF Professional ([\\d\\.]+) at https?://www\\.flipbuilder\\.com\\;version:\\1"
        },
        "scriptSrc": "\\.flipbuilder\\.com/",
        "website": "https://www.flipbuilder.com"
    },
    "Flowbite": {
        "cats": [
            66
        ],
        "description": "Flowbite is an open-source library of UI components based on the utility-first Tailwind CSS framework featuring dark mode support, a Figma design system, and more.",
        "icon": "Flowbite.svg",
        "scriptSrc": "/flowbite(?:@([\\d\\.]+)/|\\.bundle\\.js)\\;version:\\1",
        "website": "https://github.com/themesberg/flowbite"
    },
    "Flutter": {
        "cats": [
            66
        ],
        "description": "Flutter is an open source framework by Google for building beautiful, natively compiled, multi-platform applications from a single codebase.",
        "icon": "Flutter.svg",
        "js": {
            "_flutter.loader": "",
            "_flutter_web_set_location_strategy": "",
            "flutterCanvasKit": ""
        },
        "meta": {
            "id": "^flutterweb-theme$"
        },
        "website": "https://flutter.dev"
    },
    "Flyvi": {
        "cats": [
            66
        ],
        "description": "Flyvi is a platform that generates visually engaging graphics optimized for social media.",
        "icon": "Flyvi.svg",
        "scriptSrc": "widget\\.flyvi\\.io/",
        "website": "https://flyvi.io"
    },
    "FooTable": {
        "cats": [
            59
        ],
        "description": "FooTable is a jQuery plugin that converts HTML tables into expandable responsive tables.",
        "icon": "FooPlugins.svg",
        "js": {
            "$FOOTABLE.init": "",
            "footable.plugins": ""
        },
        "website": "https://fooplugins.github.io/FooTable/index.html"
    },
    "Fork CMS": {
        "cats": [
            1
        ],
        "description": "Fork CMS is an open-source content management system.",
        "icon": "ForkCMS.svg",
        "meta": {
            "generator": "^Fork CMS$"
        },
        "website": "https://www.fork-cms.com"
    },
    "Fresco": {
        "cats": [
            59
        ],
        "description": "Fresco is a responsive lightbox. Fresco comes with thumbnail support, fullscreen zoom, Youtube and Vimeo integration for HTML5 video and a powerful Javascript API.",
        "icon": "default.svg",
        "js": {
            "Fresco.version": "^([\\d\\.]+)$\\;version:\\1"
        },
        "website": "https://github.com/staaky/fresco"
    },
    "Fresh": {
        "cats": [
            18,
            22
        ],
        "description": "Fresh is a full stack modern web framework for JavaScript and TypeScript developers, designed to make it trivial to create high-quality, performant, and personalized web applications.",
        "dom": [
            "style[id='__FRSH_TWIND']",
            "style[id='__FRSH_STYLE']",
            "script[id='__FRSH_STATE']",
            "link[href*='?__frsh_c=']"
        ],
        "icon": "Fresh.svg",
        "website": "https://fresh.deno.dev"
    },
    "Frontity": {
        "cats": [
            12,
            18
        ],
        "description": "Frontity is a React open-source framework focused on WordPress.",
        "icon": "frontity.svg",
        "meta": {
            "generator": "^Frontity"
        },
        "website": "https://frontity.org"
    },
    "fullPage.js": {
        "cats": [
            59
        ],
        "description": "fullPage.js a jQuery and vanilla JavaScript plugin for fullscreen scrolling websites.",
        "icon": "fullPage.js.png",
        "js": {
            "fullpage_api.version": "([\\d\\.]+)\\;version:\\1"
        },
        "scriptSrc": "/fullPage\\.js(?:/([\\d\\.]+)/)?\\;version:\\1",
        "website": "https://github.com/alvarotrigo/fullpage.js"
    }
}