{
    "GOV.UK Elements": {
        "cats": [
            66
        ],
        "icon": "govuk.svg",
        "website": "https://github.com/alphagov/govuk_elements/"
    },
    "GOV.UK Frontend": {
        "cats": [
            66
        ],
        "icon": "govuk.svg",
        "js": {
            "GOVUKFrontend": ""
        },
        "scriptSrc": [
            "govuk-frontend(?:[^>]*?([0-9a-fA-F]{7,40}|[\\d]+(?:.[\\d]+(?:.[\\d]+)?)?)|)[^>]*?(?:\\.min)?\\.js\\;version:\\1"
        ],
        "website": "https://design-system.service.gov.uk/"
    },
    "GOV.UK Template": {
        "cats": [
            66
        ],
        "icon": "govuk.svg",
        "js": {
            "GOVUK": ""
        },
        "scriptSrc": [
            "govuk-template\\.js"
        ],
        "website": "https://github.com/alphagov/govuk_template/"
    },
    "GOV.UK Toolkit": {
        "cats": [
            66
        ],
        "icon": "govuk.svg",
        "js": {
            "GOVUK.details": "",
            "GOVUK.modules": "",
            "GOVUK.primaryLinks": ""
        },
        "website": "https://github.com/alphagov/govuk_frontend_toolkit"
    },
    "GSAP": {
        "cats": [
            12
        ],
        "description": "GSAP is an animation library that allows you to create animations with JavaScript.",
        "icon": "GSAP.svg",
        "js": {
            "TweenLite.version": "([\\d.]+)\\;version:\\1",
            "TweenMax.version": "([\\d.]+)\\;version:\\1",
            "gsap.version": "([\\d.]+)\\;version:\\1",
            "gsapVersions": ""
        },
        "scriptSrc": "TweenMax(?:\\.min)?\\.js",
        "website": "https://greensock.com/gsap"
    },
    "GX WebManager": {
        "cats": [
            1
        ],
        "icon": "GX WebManager.svg",
        "meta": {
            "generator": "GX WebManager(?: ([\\d.]+))?\\;version:\\1"
        },
        "website": "https://www.gxsoftware.com/en/products/web-content-management.htm"
    },
    "Gatsby": {
        "cats": [
            57,
            12
        ],
        "description": "Gatsby is a React-based open-source framework with performance, scalability and security built-in.",
        "dom": "div#___gatsby, style#gatsby-inlined-css",
        "icon": "Gatsby.svg",
        "meta": {
            "generator": "^Gatsby(?: ([0-9.]+))?$\\;version:\\1"
        },
        "website": "https://www.gatsbyjs.org/"
    },
    "GetSimple CMS": {
        "cats": [
            1
        ],
        "icon": "GetSimple CMS.svg",
        "meta": {
            "generator": "GetSimple"
        },
        "website": "https://get-simple.info"
    },
    "Ghost": {
        "cats": [
            1,
            11
        ],
        "description": "Ghost is a powerful app for new-media creators to publish, share, and grow a business around their content.",
        "headers": {
            "X-Ghost-Cache-Status": ""
        },
        "icon": "Ghost.svg",
        "meta": {
            "generator": "Ghost(?:\\s([\\d.]+))?\\;version:\\1"
        },
        "website": "https://ghost.org"
    },
    "Gijgo": {
        "cats": [
            59
        ],
        "description": "Gijgo is a set of free for commercial use javascript controls.",
        "icon": "Gijgo.svg",
        "scriptSrc": "/gijgo@([\\d\\.]+)/js/gijgo\\.min\\.js\\;version:\\1",
        "website": "https://gijgo.com"
    },
    "GlassFish": {
        "cats": [
            22
        ],
        "headers": {
            "Server": "GlassFish(?: Server)?(?: Open Source Edition)?(?: ?/?([\\d.]+))?\\;version:\\1"
        },
        "icon": "GlassFish.png",
        "website": "https://glassfish.java.net"
    },
    "Glide.js": {
        "cats": [
            59
        ],
        "description": "Glide.js is a dependency-free JavaScript ES6 slider and carousel.",
        "dom": "div[data-glide-el]",
        "icon": "Glide.js.svg",
        "js": {
            "Glide": ""
        },
        "scriptSrc": "/@glidejs/glide(?:@([\\d\\.]+))?\\;version:\\1",
        "website": "https://glidejs.com"
    },
    "Glider.js": {
        "cats": [
            59
        ],
        "description": "Glider.js is a fast, lightweight, responsive, dependency-free scrollable list with customisable paging controls.",
        "icon": "Glider.js.svg",
        "scriptSrc": "(?:/|@)?([\\d\\.]{2,})?/glider\\.min\\.js\\;version:\\1",
        "website": "https://nickpiscitelli.github.io/Glider.js"
    },
    "Gnuboard": {
        "cats": [
            1
        ],
        "description": "Gnuboard is an open-source bulletin board system or CMS from South Korea.",
        "dom": {
            "a[href*='board.php']": {
                "attributes": {
                    "href": "(?:gnuboard/)?bbs/(?:gnu)?board\\.php"
                }
            },
            "link[href*='/gnuboard/style.css']": {
                "attributes": {
                    "href": ""
                }
            }
        },
        "icon": "default.svg",
        "js": {
            "g4_bbs_img": "",
            "g4_is_admin": "",
            "g5_is_admin": "",
            "g5_js_ver": ""
        },
        "website": "https://github.com/gnuboard"
    },
    "GoAhead": {
        "cats": [
            22
        ],
        "headers": {
            "Server": "GoAhead"
        },
        "icon": "GoAhead.png",
        "website": "https://embedthis.com/products/goahead/index.html"
    },
    "GoDaddy Website Builder": {
        "cats": [
            1
        ],
        "cookies": {
            "dps_site_id": ""
        },
        "icon": "GoDaddy.svg",
        "meta": {
            "generator": "Go Daddy Website Builder (.+)\\;version:\\1"
        },
        "website": "https://www.godaddy.com/websites/website-builder"
    },
    "Goat Slider": {
        "cats": [
            59
        ],
        "description": "Goat Slider is a webflow library that enables users to construct advanced sliders for their sites.",
        "icon": "GoatSlider.svg",
        "js": {
            "GoatSliderCarousel": "",
            "GoatSliderSlider": ""
        },
        "website": "https://goatslider.com"
    },
    "Goober": {
        "cats": [
            59
        ],
        "description": "Goober is a minified CSS-in-JS styling solution.",
        "dom": "style#_goober",
        "icon": "Goober.svg",
        "js": {
            "goober": "",
            "gooberGlobal": "",
            "gooberPrefixer": ""
        },
        "website": "https://goober.js.org"
    },
    "Google My Business": {
        "cats": [
            1
        ],
        "icon": "Google.svg",
        "website": "https://www.google.com/business/website-builder"
    },
    "Google Sites": {
        "cats": [
            1
        ],
        "dom": "[data-abuse-proto*='https://sites.google.com/']",
        "icon": "Google Sites.svg",
        "website": "https://sites.google.com"
    },
    "Google Web Server": {
        "cats": [
            22
        ],
        "headers": {
            "Server": "gws"
        },
        "icon": "Google.svg",
        "website": "https://en.wikipedia.org/wiki/Google_Web_Server"
    },
    "Graffiti CMS": {
        "cats": [
            1
        ],
        "cookies": {
            "graffitibot": ""
        },
        "icon": "Graffiti CMS.png",
        "meta": {
            "generator": "Graffiti CMS ([^\"]+)\\;version:\\1"
        },
        "scriptSrc": "/graffiti\\.js",
        "website": "https://graffiticms.codeplex.com"
    },
    "Granim.js": {
        "cats": [
            59
        ],
        "description": "Granim.js is a lightweight javascript library to create fluid and interactive gradients animations.",
        "icon": "default.svg",
        "js": {
            "Granim": ""
        },
        "website": "https://sarcadass.github.io/granim.js"
    },
    "GraphCMS": {
        "cats": [
            1
        ],
        "description": "GraphCMS is a GraphQL headless CMS for content federation and omnichannel headless content management.",
        "dom": {
            ".graphcms-image-wrapper": {
                "text": ""
            },
            "img[src*='media.graphcms.com']": {
                "text": ""
            }
        },
        "icon": "GraphCMS.svg",
        "website": "https://graphcms.com"
    },
    "Grav": {
        "cats": [
            1
        ],
        "description": "Grav is a modern, open-source flat-file CMS designed for speed and flexibility, enabling easy website creation and management without needing a database.",
        "icon": "Grav.svg",
        "meta": {
            "generator": "GravCMS(?:\\s([\\d.]+))?\\;version:\\1"
        },
        "website": "https://getgrav.org"
    },
    "Green Valley CMS": {
        "cats": [
            1
        ],
        "icon": "Green Valley CMS.png",
        "meta": {
            "DC.identifier": "/content\\.jsp\\?objectid="
        },
        "website": "https://www.greenvalley.nl/Public/Producten/Content_Management/CMS"
    },
    "Griddo": {
        "cats": [
            1
        ],
        "description": "Griddo is an Martech Experience Platform for creating custom digital experiences.",
        "icon": "Griddo.svg",
        "meta": {
            "generator": "^Griddo$"
        },
        "website": "https://griddo.io"
    },
    "Gridsome": {
        "cats": [
            57
        ],
        "description": "Gridsome is a free and open-source Vue-powered static site generator for building static websites.",
        "icon": "Gridsome.svg",
        "meta": {
            "generator": "^Gridsome v([\\d.]+)$\\;version:\\1"
        },
        "website": "https://gridsome.org"
    },
    "Gridster": {
        "cats": [
            5,
            12
        ],
        "description": "Gridster is a jQuery plugin used to draw dashboards with drag-and-drop widgets.",
        "js": {
            "Gridster": "",
            "GridsterCollision": "",
            "GridsterCoords": "",
            "GridsterDraggable": ""
        },
        "website": "https://dsmorse.github.io/gridster.js"
    },
    "govCMS": {
        "cats": [
            1
        ],
        "icon": "govCMS.svg",
        "meta": {
            "generator": "Drupal ([\\d]+) \\(http:\\/\\/drupal\\.org\\) \\+ govCMS\\;version:\\1"
        },
        "website": "https://www.govcms.gov.au"
    },
    "gunicorn": {
        "cats": [
            22
        ],
        "headers": {
            "Server": "gunicorn(?:/([\\d.]+))?\\;version:\\1"
        },
        "icon": "gunicorn.png",
        "website": "https://gunicorn.org"
    }
}