{
    "H2O": {
        "cats": [
            22
        ],
        "cookies": {
            "h2o_casper": ""
        },
        "description": "H2O is a fast and secure HTTP/2 server written in C by Kazuho Oku.",
        "headers": {
            "Server": "^h2o(?:/)?([\\d\\.]+)?\\;version:\\1"
        },
        "icon": "default.svg",
        "website": "https://github.com/h2o/h2o"
    },
    "HCL Digital Experience": {
        "cats": [
            1
        ],
        "description": "HCL Digital Experience software empowers you to create, manage and deliver engaging omni-channel digital experiences to virtually all audiences.",
        "headers": {
            "IBM-Web2-Location": "",
            "Itx-Generated-Timestamp": ""
        },
        "icon": "hcl-dx.svg",
        "js": {
            "ibmCfg.themeConfig.modulesWebAppBaseURI": "/wps/themeModules"
        },
        "website": "https://www.hcltechsw.com/dx"
    },
    "HCL Domino": {
        "cats": [
            22
        ],
        "description": "HCL Domino, formerly called IBM Domino (1995) and Lotus Domino (1989), is an enterprise server application development platform.",
        "headers": {
            "Server": "^Lotus-Domino$"
        },
        "icon": "HCL Domino.svg",
        "website": "https://www.hcltechsw.com/domino"
    },
    "HHVM": {
        "cats": [
            22
        ],
        "headers": {
            "X-Powered-By": "HHVM/?([\\d.]+)?\\;version:\\1"
        },
        "icon": "HHVM.png",
        "website": "https://hhvm.com"
    },
    "HP Compact Server": {
        "cats": [
            22
        ],
        "headers": {
            "Server": "HP_Compact_Server(?:/([\\d.]+))?\\;version:\\1"
        },
        "icon": "HP.svg",
        "website": "https://hp.com"
    },
    "HP iLO": {
        "cats": [
            22,
            46
        ],
        "description": "HP iLO is a tool that provides multiple ways to configure, update, monitor, and run servers remotely.",
        "headers": {
            "Server": "HP-iLO-Server(?:/([\\d.]+))?\\;version:\\1"
        },
        "icon": "HP.svg",
        "website": "https://hp.com"
    },
    "Halo": {
        "cats": [
            1,
            11
        ],
        "description": "Halo is a powerful, user-friendly open-source website building tool that supports dynamic themes, real-time editing, and multilingual setups.",
        "icon": "Halo.svg",
        "meta": {
            "generator": "Halo ([\\d.]+)?\\;version:\\1"
        },
        "website": "https://halo.run"
    },
    "Hammer.js": {
        "cats": [
            59
        ],
        "description": "Hammer.js is a JavaScript library for adding touch gestures like swipe, pinch, and rotate to web applications.",
        "icon": "Hammer.js.svg",
        "js": {
            "Ha.VERSION": "^(.+)$\\;version:\\1",
            "Hammer": "",
            "Hammer.VERSION": "^(.+)$\\;version:\\1"
        },
        "scriptSrc": "hammer(?:\\.min)?\\.js",
        "website": "https://hammerjs.github.io"
    },
    "Handlebars": {
        "cats": [
            12
        ],
        "description": "Handlebars is a JavaScript library used to create reusable webpage templates.",
        "dom": "script[type='text/x-handlebars-template']",
        "icon": "Handlebars.svg",
        "js": {
            "Handlebars": "",
            "Handlebars.VERSION": "^(.+)$\\;version:\\1"
        },
        "scriptSrc": "handlebars(?:\\.runtime)?(?:-v([\\d.]+?))?(?:\\.min)?\\.js\\;version:\\1",
        "website": "https://handlebarsjs.com"
    },
    "Handsontable": {
        "cats": [
            59
        ],
        "description": "Handsontable is a JavaScript component that combines data grid features with spreadsheet-like UX.",
        "icon": "Handsontable.svg",
        "js": {
            "Handsontable": ""
        },
        "website": "https://handsontable.com"
    },
    "Hatena Blog": {
        "cats": [
            1,
            11
        ],
        "description": "Hatena Blog is one of the traditional blog platforms in Japan.",
        "icon": "Hatena.svg",
        "scriptSrc": "cdn\\.blog\\.st-hatena\\.com/",
        "website": "https://hatenablog.com"
    },
    "HeadJS": {
        "cats": [
            59,
            92
        ],
        "description": "HeadJS is a JavaScript library that optimizes web performance by managing the loading and execution of scripts and stylesheets to ensure faster page loads and efficient resource handling.",
        "icon": "HeadJS.png",
        "js": {
            "head.browser.name": ""
        },
        "scriptSrc": "head\\.(?:core|load)(?:\\.min)?\\.js",
        "website": "https://headjs.github.io"
    },
    "Headless UI": {
        "cats": [
            66
        ],
        "description": "Headless UI is an unstyled component library for either React.js or Vue.js from the same people that created Tailwind CSS.",
        "dom": {
            "button": {
                "attributes": {
                    "id": "headlessui-"
                }
            },
            "div": {
                "attributes": {
                    "id": "headlessui-"
                }
            }
        },
        "icon": "Headless UI.svg",
        "website": "https://headlessui.dev"
    },
    "Hexo": {
        "cats": [
            57
        ],
        "description": "Hexo is a blog framework powered by Node.js.",
        "icon": "Hexo.svg",
        "meta": {
            "generator": "Hexo(?: v?([\\d.]+))?\\;version:\\1"
        },
        "website": "https://hexo.io"
    },
    "Hiawatha": {
        "cats": [
            22
        ],
        "description": "Hiawatha is a secure, lightweight web server developed by Hugo Leisink, designed for ease of use and advanced security features such as protection against SQL injections, XSS, and CSRF attacks.",
        "headers": {
            "Server": "Hiawatha v([\\d.]+)\\;version:\\1"
        },
        "icon": "Hiawatha.png",
        "website": "https://gitlab.com/hsleisink/hiawatha"
    },
    "Highlight.js": {
        "cats": [
            59
        ],
        "description": "Highlight.js is a JavaScript library for syntax highlighting, supporting 192 languages and 496 themes.",
        "icon": "Highlight.js.svg",
        "js": {
            "hljs.highlightBlock": "",
            "hljs.listLanguages": ""
        },
        "scriptSrc": "/(?:([\\d.])+/)?highlight(?:\\.min)?\\.js\\;version:\\1",
        "website": "https://highlightjs.org/"
    },
    "Hinza Advanced CMS": {
        "cats": [
            1,
            6
        ],
        "icon": "hinza_advanced_cms.svg",
        "meta": {
            "generator": "hinzacms"
        },
        "website": "https://hinzaco.com"
    },
    "Hocalwire": {
        "cats": [
            1
        ],
        "description": "Hocalwire is a simplified newsroom CMS platform focused on Digital Media Publishers.",
        "dom": "link[href*='//hocalwire.com']",
        "icon": "Hocalwire.svg",
        "js": {
            "Hocalwire": "",
            "hocalApiEndPoints": ""
        },
        "website": "https://www.hocalwire.com"
    },
    "Hogan.js": {
        "cats": [
            12
        ],
        "description": "Hogan.js is a JavaScript templating engine developed by Twitter, designed for both client-side and server-side applications, and it follows the Mustache template syntax for efficient and flexible template rendering.",
        "icon": "Hogan.js.svg",
        "js": {
            "Hogan": ""
        },
        "scriptSrc": [
            "hogan-[.-]([\\d.]*\\d)[^/]*\\.js\\;version:\\1",
            "([\\d.]+)/hogan(?:\\.min)?\\.js\\;version:\\1"
        ],
        "website": "https://twitter.github.io/hogan.js/"
    },
    "Holduix CMS": {
        "cats": [
            1
        ],
        "description": "Holduix CMS is a lightweight content management solution designed to offer developers and end users a customizable experience.",
        "icon": "HolduixCMS.svg",
        "js": {
            "HolduixConfig.baseURL": ""
        },
        "meta": {
            "author": "^Holduix$"
        },
        "website": "https://www.holduix.dev"
    },
    "Hosttech Website Creator": {
        "cats": [
            1
        ],
        "description": "Hosttech Website Creator is a web development tool by the Swiss company Hosttech, providing customizable templates and website management features.",
        "icon": "Hosttech.svg",
        "meta": {
            "generator": "Website Creator by hosttech",
            "wsc_rendermode": ""
        },
        "website": "https://www.hosttech.ch/websitecreator"
    },
    "Hotaru CMS": {
        "cats": [
            1
        ],
        "cookies": {
            "hotaru_mobile": ""
        },
        "icon": "Hotaru CMS.png",
        "meta": {
            "generator": "Hotaru CMS"
        },
        "website": "https://hotarucms.org"
    },
    "Howler.js": {
        "cats": [
            59
        ],
        "description": "Howler.js is an audio library with support for the Web Audio API and a fallback mechanism for HTML5 Audio.",
        "icon": "Howler.js.svg",
        "js": {
            "Howler": "",
            "HowlerGlobal": ""
        },
        "scriptSrc": [
            "howler@([\\d.]+)/dist/howler\\.min\\.js\\;version:\\1",
            "howler/([\\d.]+)/howler(?:\\.core)?\\.min\\.js\\;version:\\1"
        ],
        "website": "https://howlerjs.com"
    },
    "Htmx": {
        "cats": [
            59
        ],
        "description": "Htmx is a JavaScript library for performing AJAX requests, triggering CSS transitions, and invoking WebSocket and server-sent events directly from HTML elements.",
        "dom": "script[data-src*='/dist/htmx.min.js']",
        "icon": "Htmx.svg",
        "js": {
            "htmx": ""
        },
        "scriptSrc": "/htmx\\.org@([\\d\\.]+)\\;version:\\1",
        "website": "https://htmx.org"
    },
    "HubSpot CMS Hub": {
        "cats": [
            1
        ],
        "description": "CMS Hub is a content management platform by HubSpot for marketers to manage, optimize, and track content performance on websites, blogs, and landing pages.",
        "headers": {
            "x-hs-hub-id": "",
            "x-powered-by": "HubSpot"
        },
        "icon": "HubSpot.svg",
        "meta": {
            "generator": "HubSpot"
        },
        "website": "https://www.hubspot.com/products/cms"
    },
    "Hubb": {
        "cats": [
            1
        ],
        "description": "Hubb is an all-in-one integrated system designed for churches, enabling website content management without the need for technical expertise.",
        "dom": "div.endis-jquery-ui",
        "icon": "Hubb.svg",
        "js": {
            "EndisDialog": "",
            "EndisForm": "",
            "IsHubbPage": "",
            "SubmitEndisForm": ""
        },
        "website": "https://www.hubb.church"
    },
    "Huberway": {
        "cats": [
            1
        ],
        "cookies": {
            "huberway_session": ""
        },
        "description": "Huberway is a content management system, based on PHP and JavaScript, used to create advanced sales portals oriented towards industrialization 4.0.",
        "icon": "Huberway.svg",
        "website": "https://www.huberway.com"
    },
    "Hugo": {
        "cats": [
            57
        ],
        "description": "Hugo is an open-source static site generator written in Go.",
        "icon": "Hugo.svg",
        "meta": {
            "generator": "Hugo ([\\d.]+)?\\;version:\\1"
        },
        "website": "https://gohugo.io"
    },
    "Hydra-Shield": {
        "cats": [
            64
        ],
        "description": "Hydra-Shield is an anti-DDoS protection reverse proxy that filters and mitigates malicious traffic to safeguard servers from distributed denial-of-service attacks.",
        "headers": {
            "server": "^Hydra-Shield\\sV([\\d\\.]+)$\\;version:\\1"
        },
        "icon": "Hydra-Shield.svg",
        "website": "https://hydra-shield.fr"
    },
    "Hydrogen": {
        "cats": [
            12
        ],
        "description": "Hydrogen is a front-end web development framework used for building Shopify custom storefronts.",
        "headers": {
            "powered-by": "^Shopify-Hydrogen$"
        },
        "icon": "Hydrogen.svg",
        "website": "https://hydrogen.shopify.dev"
    },
    "Hypercorn": {
        "cats": [
            22
        ],
        "description": "Hypercorn is an ASGI web server that supports HTTP/1, HTTP/2, WebSockets, ASGI/2, and ASGI/3 specifications, and can utilize asyncio, uvloop, or trio for asynchronous operations.",
        "headers": {
            "Server": "hypercorn"
        },
        "icon": "hypercorn.svg",
        "website": "https://pgjones.gitlab.io/hypercorn/"
    }
}