{
    "IBM DataPower": {
        "cats": [
            64
        ],
        "description": "IBM DataPower Gateway is a single multi-channel gateway designed to help provide security, control, integration and optimized access to a full range of mobile, web, application programming interface (API), service-oriented architecture (SOA), B2B and cloud workloads.",
        "headers": {
            "X-Backside-Transport": "",
            "X-Global-Transaction-ID": ""
        },
        "icon": "DataPower.png",
        "website": "https://www.ibm.com/products/datapower-gateway"
    },
    "IBM HTTP Server": {
        "cats": [
            22
        ],
        "headers": {
            "Server": "IBM_HTTP_Server(?:/([\\d.]+))?\\;version:\\1"
        },
        "icon": "IBM.svg",
        "website": "https://ibm.com/software/webservers/httpservers"
    },
    "IIS": {
        "cats": [
            22
        ],
        "description": "Internet Information Services (IIS) is an extensible web server software created by Microsoft for use with the Windows NT family.",
        "headers": {
            "Server": "^(?:Microsoft-)?IIS(?:/([\\d.]+))?\\;version:\\1"
        },
        "icon": "Microsoft.svg",
        "website": "https://www.iis.net"
    },
    "ISAY": {
        "cats": [
            1
        ],
        "description": "ISAY (Internet Pages Management) is a CMS service provided by the Turkish Ministry of Interior for governorships, district governorships and various official websites.",
        "dom": "div.topbar-img img[src*='/Areas/WebPart/Contents/FHeader/img/ataturk.svg']",
        "icon": "ISAY.svg",
        "website": "https://www.icisleri.gov.tr/internet-sayfalari-yonetimi-isay"
    },
    "Ibexa DXP ": {
        "cats": [
            1
        ],
        "description": "Ibexa DXP is an open-source enterprise PHP content management system (CMS) and Digital Experience Platform (DXP) developed by the company Ibexa (known previously as eZ Systems).",
        "headers": {
            "x-powered-by": "^Ibexa\\sExperience\\sv([\\d\\.]+)$\\;version:\\1"
        },
        "icon": "Ibexa.svg",
        "meta": {
            "generator": "^eZ Platform"
        },
        "website": "https://www.ibexa.co"
    },
    "Immutable.js": {
        "cats": [
            59
        ],
        "description": "Immutable.js is a JavaScript library developed by Facebook that provides immutable data structures for more predictable state management in applications.",
        "icon": "Immutable.js.svg",
        "js": {
            "Immutable": "",
            "Immutable.version": "^(.+)$\\;version:\\1"
        },
        "scriptSrc": "^immutable\\.(?:min\\.)?js$",
        "website": "https://facebook.github.io/immutable-js/"
    },
    "ImpressCMS": {
        "cats": [
            1
        ],
        "cookies": {
            "ICMSSession": "",
            "ImpressCMS": ""
        },
        "description": "ImpressCMS is an open-source content management system (CMS) designed for creating and managing dynamic websites.",
        "icon": "ImpressCMS.svg",
        "meta": {
            "generator": "ImpressCMS"
        },
        "scriptSrc": "include/linkexternal\\.js",
        "website": "https://www.impresscms.org"
    },
    "ImpressPages": {
        "cats": [
            1
        ],
        "description": "ImpressPages is an open-source content management system (CMS) that enables users to create and manage websites easily, featuring a user-friendly interface and customizable templates.",
        "icon": "ImpressPages.svg",
        "meta": {
            "generator": "ImpressPages(?: CMS)?( [\\d.]*)?\\;version:\\1"
        },
        "website": "https://impresspages.org"
    },
    "Inblog": {
        "cats": [
            1
        ],
        "description": "Inblog is a content management system designed for SEO, featuring CTAs and analytics for revenue optimization.",
        "dom": "link[href*='inblog.ai/_next/static']",
        "icon": "Inblog.svg",
        "meta": {
            "generator": "inblog"
        },
        "website": "https://inblog.ai"
    },
    "Indexhibit": {
        "cats": [
            1
        ],
        "dom": "link[href*='ndxz-studio']",
        "meta": {
            "generator": "Indexhibit"
        },
        "website": "https://www.indexhibit.org"
    },
    "Indico": {
        "cats": [
            1
        ],
        "cookies": {
            "MAKACSESSION": ""
        },
        "description": "Indico is an open-source event management system designed for organizing scientific conferences and workshops.",
        "icon": "Indico.svg",
        "website": "https://getindico.io"
    },
    "Indy": {
        "cats": [
            22
        ],
        "headers": {
            "Server": "Indy(?:/([\\d.]+))?\\;version:\\1"
        },
        "website": "https://indyproject.org"
    },
    "Inertia.js": {
        "cats": [
            12
        ],
        "description": "Inertia.js is a protocol for creating monolithic single-page applications.",
        "dom": {
            "div[data-page*='component']": {
                "attributes": {
                    "data-page": "component.+props.+url"
                }
            }
        },
        "headers": {
            "Vary": "X-Inertia",
            "X-Inertia": ""
        },
        "icon": "Inertia.svg",
        "website": "https://inertiajs.com"
    },
    "InfernoJS": {
        "cats": [
            12
        ],
        "description": "InfernoJS is a JavaScript library designed for building user interfaces, known for its high performance and similarity to React.js in terms of API and structure.",
        "icon": "InfernoJS.svg",
        "js": {
            "Inferno": "",
            "Inferno.version": "^(.+)$\\;version:\\1"
        },
        "website": "https://infernojs.org"
    },
    "Influx CMS": {
        "cats": [
            1,
            32
        ],
        "description": "Influx CMS is a medical marketing platform specialising in custom web design and marketing for doctors, surgeons, and medical spas.",
        "dom": "a[href*='www.influxmarketing.com'] > svg[class*='influx-footer-logo'",
        "icon": "InfluxCMS.svg",
        "website": "https://www.influxmarketing.com"
    },
    "Infront": {
        "cats": [
            1
        ],
        "description": "Infront is a sports marketing company that specializes in the management, marketing, and distribution of sports media rights and events, providing services to sports federations, leagues, clubs, and media partners worldwide.",
        "dom": "#corebine-app",
        "icon": "Infront.svg",
        "js": {
            "corebine": ""
        },
        "website": "https://www.infront.sport"
    },
    "Instant.Page": {
        "cats": [
            59,
            92
        ],
        "description": "Instant.Page is a JavaScript library which uses just-in-time preloading technique to make websites faster.",
        "icon": "Instant.page.svg",
        "scriptSrc": "instant\\.page",
        "website": "https://instant.page/"
    },
    "InstantCMS": {
        "cats": [
            1
        ],
        "cookies": {
            "InstantCMS[logdate]": ""
        },
        "icon": "InstantCMS.png",
        "meta": {
            "generator": "InstantCMS"
        },
        "website": "https://www.instantcms.ru"
    },
    "InstantClick": {
        "cats": [
            59,
            92
        ],
        "description": "InstantClick is a JavaScript library that speeds up your website, making navigation faster.",
        "icon": "InstantClick.svg",
        "js": {
            "InstantClick": ""
        },
        "scriptSrc": "instantclick\\.min\\.js",
        "website": "https://instantclick.io/"
    },
    "InstantGeo": {
        "cats": [
            59
        ],
        "description": "InstantGeo is a service that provides IP geolocation to web pages",
        "icon": "InstantGeo.svg",
        "js": {
            "geojs": ""
        },
        "scriptSrc": [
            "js\\.instantgeo\\.info",
            "script\\.instantgeo\\.info"
        ],
        "website": "https://instantgeo.info"
    },
    "Intel Active Management Technology": {
        "cats": [
            22,
            46
        ],
        "description": "Intel Active Management Technology (AMT) is a proprietary remote management and control system for personal computers with Intel CPUs.",
        "headers": {
            "Server": "Intel\\(R\\) Active Management Technology(?: ([\\d.]+))?\\;version:\\1"
        },
        "icon": "Intel Active Management Technology.svg",
        "website": "https://intel.com"
    },
    "Intersection Observer": {
        "cats": [
            92,
            59
        ],
        "description": "Intersection Observer is a browser API that provides a way to observe the visibility and position of a DOM element relative to the containing root element or viewport.",
        "icon": "W3C.svg",
        "scriptSrc": [
            "cdn\\.jsdelivr\\.net/npm/intersection-observer@([\\d\\.]+)\\;version:\\1",
            "/assets/(?:.+)?intersection-observer\\.[\\d\\w\\.]+\\.js"
        ],
        "website": "https://www.w3.org/TR/intersection-observer"
    },
    "Invision Community": {
        "cats": [
            1
        ],
        "description": "Invision Community is a scalable and customizable platform designed to build and grow online communities.",
        "icon": "InvisionCommunity.svg",
        "scriptSrc": "\\.invisioncic\\.com/",
        "website": "https://invisioncommunity.com"
    },
    "Isotope": {
        "cats": [
            59
        ],
        "description": "Isotope.js is a JavaScript library that makes it easy to sort, filter, and add Masonry layouts to items on a webpage.",
        "icon": "Isotope.svg",
        "js": {
            "Isotope": "",
            "init_isotope": ""
        },
        "website": "https://isotope.metafizzy.co"
    },
    "It'seeze": {
        "cats": [
            1
        ],
        "description": "It\u2019seeze is a website design platform with a custom CMS for seamless site updates and management.",
        "dom": "footer > div[id*='itseezeFooter']",
        "icon": "Itseeze.svg",
        "website": "https://itseeze.com/"
    },
    "i-motor": {
        "cats": [
            1
        ],
        "description": "i-motor is a platform that enhances automotive dealer websites by providing innovative, connected solutions to improve the online experience.",
        "dom": "link[href*='.i-motor.com.au/']",
        "icon": "i-motor.svg",
        "website": "https://www.i-motor.com.au"
    },
    "iEXExchanger": {
        "cats": [
            1
        ],
        "cookies": {
            "iexexchanger_session": ""
        },
        "icon": "iEXExchanger.png",
        "meta": {
            "generator": "iEXExchanger"
        },
        "website": "https://exchanger.iexbase.com"
    },
    "iScripts": {
        "cats": [
            1
        ],
        "description": "iScripts is a multi product CMS system based on PHP.",
        "icon": "iScripts.svg",
        "meta": {
            "copyright": "^Copyright \\(C\\) www\\.iScripts\\.com,? \\d{4}\\. All rights reserved\\.$"
        },
        "website": "https://www.iscripts.com"
    },
    "imperia CMS": {
        "cats": [
            1
        ],
        "description": "imperia CMS is a headless content management for large editorial.",
        "dom": "source[srcset*='.de/imperia/md/images/']",
        "icon": "imperiaCMS.svg",
        "meta": {
            "generator": "^IMPERIA\\s([\\d\\.\\_]+)\\;version:\\1",
            "x-imperia-live-info": ""
        },
        "website": "https://www.pirobase-imperia.com/de/solutions/imperia-cms"
    }
}