{
    "JBoss Application Server": {
        "cats": [
            22
        ],
        "headers": {
            "X-Powered-By": "JBoss(?:-([\\d.]+))?\\;version:\\1"
        },
        "icon": "JBoss Application Server.png",
        "website": "https://jboss.org/jbossas.html"
    },
    "JBoss Web": {
        "cats": [
            22
        ],
        "headers": {
            "X-Powered-By": "JBossWeb(?:-([\\d.]+))?\\;version:\\1"
        },
        "icon": "JBoss Web.png",
        "website": "https://jboss.org/jbossweb"
    },
    "JSS": {
        "cats": [
            12,
            47
        ],
        "description": "JSS is an authoring tool for CSS which allows you to use JavaScript to describe styles in a declarative, conflict-free and reusable way.",
        "dom": "style[data-jss]",
        "icon": "JSS.svg",
        "website": "https://cssinjs.org/"
    },
    "JSZip": {
        "cats": [
            59
        ],
        "description": "JSZip is a JavaScript library that enables the creation, reading, and manipulation of zip files in a browser environment.",
        "js": {
            "JSZip.version": "([\\d\\.]+)\\;version:\\1"
        },
        "scriptSrc": "/jszip\\.min\\.js",
        "website": "https://stuk.github.io/jszip/"
    },
    "Jahia DX": {
        "cats": [
            1,
            47
        ],
        "dom": "script#staticAssetAggregatedJavascrip",
        "icon": "JahiaDX.svg",
        "website": "https://www.jahia.com/dx"
    },
    "Jalios": {
        "cats": [
            1
        ],
        "description": "Jalios provides digital workplace solutions, including collaborative intranets, enterprise social networks, and document management systems, to enhance organizational communication and productivity.",
        "icon": "Jalios.svg",
        "meta": {
            "generator": "Jalios"
        },
        "website": "https://www.jalios.com"
    },
    "Jekyll": {
        "cats": [
            57
        ],
        "description": "Jekyll is a blog-aware, static site generator for personal, project, or organisation sites.",
        "icon": "Jekyll.svg",
        "js": {
            "SimpleJekyllSearch": ""
        },
        "meta": {
            "generator": "Jekyll\\sv([\\d.]+)?\\;version:\\1"
        },
        "website": "https://jekyllrb.com"
    },
    "Jetty": {
        "cats": [
            22
        ],
        "description": "Jetty is an open-source web server and servlet container known for its scalability and efficiency, supporting protocols like HTTP and WebSocket for various applications from development tools to cloud services.",
        "headers": {
            "Server": "Jetty(?:\\(([\\d\\.]*\\d+))?\\;version:\\1"
        },
        "icon": "Jetty.svg",
        "website": "https://www.eclipse.org/jetty"
    },
    "Jimdo": {
        "cats": [
            1
        ],
        "description": "Jimdo is a website-builder and all-in-one hosting solution, designed to enable users to build their own websites.",
        "headers": {
            "X-Jimdo-Instance": "",
            "X-Jimdo-Wid": ""
        },
        "icon": "Jimdo.svg",
        "js": {
            "jimdoDolphinData": ""
        },
        "website": "https://www.jimdo.com"
    },
    "Joomla": {
        "cats": [
            1
        ],
        "description": "Joomla is a free and open-source content management system for publishing web content.",
        "dom": "div[id*='wrapper_r'], link[href*='feed/com_'], link[href*='components/com_'], table[class*='pill']",
        "headers": {
            "X-Content-Encoded-By": "Joomla! ([\\d.]+)\\;version:\\1"
        },
        "icon": "Joomla.svg",
        "js": {
            "Joomla": "",
            "jcomments": ""
        },
        "meta": {
            "generator": "Joomla!(?: ([\\d.]+))?\\;version:\\1"
        },
        "scriptSrc": "(?:^|/)(feed/com_|components/com_)",
        "website": "https://www.joomla.org/"
    },
    "JouwWeb": {
        "cats": [
            1,
            51
        ],
        "description": "JouwWeb is an online website builder that allows internet users to create own website.",
        "icon": "JouwWeb.svg",
        "js": {
            "JOUWWEB": ""
        },
        "scriptSrc": "(?:cdn)?\\.(?:jwwb|jouwweb)\\.nl/",
        "website": "https://www.jouwweb.nl"
    },
    "JsObservable": {
        "cats": [
            59
        ],
        "description": "JsObservable is integrated with JsViews and facilitates observable data manipulations that are immediately reflected in the data-bound templates. The library is developed and maintained by Microsoft employee Boris Moore and is used in projects such as Outlook.com and Windows Azure.",
        "icon": "JsObservable.svg",
        "website": "https://www.jsviews.com/#jsobservable"
    },
    "JsRender": {
        "cats": [
            59
        ],
        "description": "JsRender is the template library. The library is developed and maintained by Microsoft employee Boris Moore and is used in projects such as Outlook.com and Windows Azure.",
        "icon": "JsRender.svg",
        "scriptSrc": "([\\d\\.]+)?/jsrender(?:\\.min)?\\.js\\;version:\\1",
        "website": "https://www.jsviews.com/#jsrender"
    },
    "JsViews": {
        "cats": [
            59
        ],
        "description": "JsViews is the MVVM library which provides two-way data binding for the template. The library is developed and maintained by Microsoft employee Boris Moore and is used in projects such as Outlook.com and Windows Azure.",
        "icon": "JsViews.svg",
        "scriptSrc": "([\\d\\.]+)?/jsviews(?:\\.min)?\\.js\\;version:\\1",
        "website": "https://www.jsviews.com/#jsviews"
    },
    "Justia": {
        "cats": [
            1
        ],
        "cookies": {
            "SESSJUSTIA": ""
        },
        "description": "Justia is a lawyer-based content management system (CMS).",
        "icon": "Justia.svg",
        "js": {
            "jmetadata": ""
        },
        "website": "https://www.justia.com"
    },
    "jComponent": {
        "cats": [
            12,
            59
        ],
        "description": "jComponent is a platform offering open-source web components and icons for easy integration into web projects.",
        "icon": "jComponent.svg",
        "js": {
            "MAIN.version": ".*\\;version:\\1"
        },
        "website": "https://componentator.com"
    },
    "jPlayer": {
        "cats": [
            14,
            59
        ],
        "description": "jPlayer is a cross-browser JavaScript library developed as a jQuery plugin which facilitates the embedding of web based media, notably HTML5 audio and video in addition to Adobe Flash based media.",
        "icon": "jPlayer.svg",
        "js": {
            "jPlayerPlaylist": ""
        },
        "scriptSrc": "/jquery\\.jplayer\\.min\\.js",
        "website": "https://jplayer.org"
    },
    "jQuery": {
        "cats": [
            59
        ],
        "description": "jQuery is a JavaScript library which is a free, open-source software designed to simplify HTML DOM tree traversal and manipulation, as well as event handling, CSS animation, and Ajax.",
        "icon": "jQuery.svg",
        "js": {
            "$.fn.jquery": "([\\d.]+)\\;version:\\1",
            "jQuery.fn.jquery": "([\\d.]+)\\;version:\\1",
            "jQuery.prototype.jquery": "([\\d.]+)\\;version:\\1"
        },
        "scriptSrc": [
            "jquery",
            "/jquery(?:-(\\d+\\.\\d+\\.\\d+))[/.-]\\;version:\\1",
            "/(\\d+\\.\\d+\\.\\d+)/jquery[/.-][^u]\\;version:\\1"
        ],
        "website": "https://jquery.com"
    },
    "jQuery DevBridge Autocomplete": {
        "cats": [
            59
        ],
        "description": "Ajax Autocomplete for jQuery allows you to easily create autocomplete/autosuggest boxes for text input fields.",
        "icon": "jQuery.svg",
        "js": {
            "$.devbridgeAutocomplete": "",
            "jQuery.devbridgeAutocomplete": ""
        },
        "scriptSrc": [
            "/devbridgeAutocomplete(?:-min)?\\.js",
            "/jquery\\.devbridge-autocomplete/([0-9.]+)/jquery\\.autocomplete(?:.min)?\\.js\\;version:\\1"
        ],
        "website": "https://www.devbridge.com/sourcery/components/jquery-autocomplete/"
    },
    "jQuery Migrate": {
        "cats": [
            59
        ],
        "description": "Query Migrate is a javascript library that allows you to preserve the compatibility of your jQuery code developed for versions of jQuery older than 1.9.",
        "icon": "jQuery.svg",
        "js": {
            "jQuery.migrateVersion": "([\\d.]+)\\;version:\\1",
            "jQuery.migrateWarnings": "",
            "jqueryMigrate": ""
        },
        "scriptSrc": "jquery[.-]migrate(?:-([\\d.]+))?(?:\\.min)?\\.js(?:\\?ver=([\\d.]+))?\\;version:\\1?\\1:\\2",
        "website": "https://github.com/jquery/jquery-migrate"
    },
    "jQuery Modal": {
        "cats": [
            59
        ],
        "description": "jQuery Modal is an overlay dialog box or in other words, a popup window that is made to display on the top or 'overlayed' on the current page.",
        "dom": "link[href*='jquery.modal.min.css']",
        "icon": "jQuery Modal.svg",
        "scriptSrc": "jquery-modal/([\\d\\.]+)/jquery\\.modal\\.min\\.js\\;version:\\1",
        "website": "https://jquerymodal.com"
    },
    "jQuery UI": {
        "cats": [
            59
        ],
        "description": "jQuery UI is a collection of GUI widgets, animated visual effects, and themes implemented with jQuery, Cascading Style Sheets, and HTML.",
        "icon": "jQuery UI.svg",
        "js": {
            "jQuery.ui.version": "^(.+)$\\;version:\\1"
        },
        "scriptSrc": [
            "jquery-ui[.-]([\\d.]*\\d)[^/]*\\.js\\;version:\\1",
            "([\\d.]+)/jquery-ui(?:\\.min)?\\.js\\;version:\\1",
            "jquery-ui.*\\.js"
        ],
        "website": "https://jqueryui.com"
    }
}