{
    "K-Sup": {
        "cats": [
            1
        ],
        "description": "K-Sup is an open-source CMS/portal solution dedicated to higher education and research created by Kosmos Education.",
        "icon": "Kosmos.svg",
        "meta": {
            "generator": "^K-Sup \\(([\\d.R]+)\\)$\\;version:\\1"
        },
        "website": "https://www.ksup.org/"
    },
    "Karma": {
        "cats": [
            59
        ],
        "description": "Karma is a test runner for JavaScript that runs on Node.js.",
        "icon": "Karma.svg",
        "js": {
            "karma.vars.version": "(.+)\\;version:\\1"
        },
        "scriptSrc": "karma\\.mdpcdn\\.com",
        "website": "https://karma-runner.github.io"
    },
    "Keen-Slider": {
        "cats": [
            59
        ],
        "description": "Keen-Slider is a free library agnostic touch slider with native touch/swipe behavior.",
        "dom": "div.keen-slider, div.keen-slider__slide",
        "icon": "keen-slider.svg",
        "js": {
            "KeenSlider": ""
        },
        "website": "https://keen-slider.io"
    },
    "Kemal": {
        "cats": [
            18,
            22
        ],
        "description": "Kemal is a fast and efficient web framework for the Crystal programming language.",
        "headers": {
            "X-Powered-By": "Kemal"
        },
        "icon": "kemalcr.svg",
        "website": "https://kemalcr.com"
    },
    "Kendo UI": {
        "cats": [
            66
        ],
        "description": "Kendo UI is a HTML5 user interface framework for building interactive and high-performance websites and applications.",
        "dom": {
            "link[href*=kendo]": {
                "attributes": {
                    "href": "/([\\d\\.]+).*/kendo\\.common\\.min\\.css\\;version:\\1"
                }
            }
        },
        "icon": "Kendo UI.svg",
        "js": {
            "kendo": "",
            "kendo.version": "^(.+)$\\;version:\\1"
        },
        "scriptSrc": "/kendo/.*-([\\d]{4})%20([\\d\\.]{6})\\;version:\\1.\\2",
        "website": "https://www.telerik.com/kendo-ui"
    },
    "Kentico CMS": {
        "cats": [
            1
        ],
        "cookies": {
            "CMSCookieLevel": "",
            "CMSPreferredCulture": ""
        },
        "description": "Kentico CMS is a web content management system for building websites, online stores, intranets, and Web 2.0 community sites.",
        "dom": "link[href*='/kentico/bundles/pageComponents/']",
        "icon": "Kentico CMS.svg",
        "js": {
            "CMS.Application": ""
        },
        "meta": {
            "generator": "Kentico CMS ([\\d.R]+ \\(build [\\d.]+\\))\\;version:\\1"
        },
        "scriptSrc": [
            "/CMSPages/GetResource\\.ashx",
            "/kentico\\.resource"
        ],
        "website": "https://www.kentico.com"
    },
    "Kestrel": {
        "cats": [
            22
        ],
        "headers": {
            "Server": "^Kestrel"
        },
        "icon": "kestrel.svg",
        "website": "https://docs.microsoft.com/en-us/aspnet/core/fundamentals/servers/kestrel"
    },
    "Kirby": {
        "cats": [
            1
        ],
        "cookies": {
            "kirby_session": ""
        },
        "description": "Kirby is a file-based content management system (CMS) that simplifies website and web application development by using text files for content management instead of a traditional database.",
        "icon": "Kirby.svg",
        "website": "https://getkirby.com"
    },
    "Kleeja": {
        "cats": [
            1
        ],
        "description": "Kleeja is a PHP-based solution for managing file upload services on websites.",
        "icon": "Kleeja.svg",
        "js": {
            "update_kleeja_captcha": ""
        },
        "website": "https://kleeja.net"
    },
    "Kleer": {
        "cats": [
            1
        ],
        "description": "Kleer is a cloud-based platform that allows dentists to design and manage their own membership plans, offering them directly to uninsured patients.",
        "icon": "Kleer.svg",
        "scriptSrc": "member\\.kleer\\.com/",
        "website": "https://www.kleer.com"
    },
    "Knack": {
        "cats": [
            3,
            18
        ],
        "description": "Knack is a tool designed to build online databases and web applications, providing a platform for creating custom applications without extensive programming knowledge.",
        "icon": "Knack.svg",
        "js": {
            "Knack": ""
        },
        "scriptSrc": "loader\\.knack\\.com/",
        "website": "https://www.knack.com"
    },
    "Knockout.js": {
        "cats": [
            12
        ],
        "description": "Knockout.js is basically a library written in JavaScript, based on MVVM pattern that helps developers build rich and responsive websites.",
        "icon": "Knockout.js.svg",
        "js": {
            "ko.version": "^(.+)$\\;version:\\1"
        },
        "website": "https://knockoutjs.com"
    },
    "Koa": {
        "cats": [
            18,
            22
        ],
        "headers": {
            "X-Powered-By": "^koa$"
        },
        "icon": "Koa.png",
        "website": "https://koajs.com"
    },
    "Koala Framework": {
        "cats": [
            1,
            18
        ],
        "description": "Koala Framework is an open-source PHP web application framework designed for scalable and modular development, emphasizing MVC architecture and component-based design.",
        "icon": "Koala Framework.svg",
        "meta": {
            "generator": "^Koala Web Framework CMS"
        },
        "website": "https://koala-framework.org"
    },
    "Kobalte": {
        "cats": [
            66
        ],
        "cookies": {
            "kb-color-mode": ""
        },
        "description": "Kobalte is a UI toolkit for building accessible web apps and design systems with SolidJS.",
        "dom": "div[data-kb-top-layer], html[data-kb-theme]",
        "icon": "kobalte.svg",
        "website": "https://kobalte.dev"
    },
    "Koishi.js": {
        "cats": [
            12
        ],
        "description": "Koishi.js is a cross-platform chatbot framework.",
        "icon": "Koishi.js.png",
        "js": {
            "KOISHI_CONFIG": ""
        },
        "website": "https://github.com/koishijs"
    },
    "Koken": {
        "cats": [
            1
        ],
        "cookies": {
            "koken_referrer": ""
        },
        "description": "Koken is a free web site publishing system developed for photographers, designers, artists and creative DIYs.",
        "dom": "html[lang='en'][class*='k-source-essays']",
        "icon": "Koken.svg",
        "meta": {
            "generator": "Koken ([\\d.]+)\\;version:\\1"
        },
        "scriptSrc": "koken(?:\\.js\\?([\\d.]+)|/storage)\\;version:\\1",
        "website": "https://koken.me"
    },
    "Komodo CMS": {
        "cats": [
            1
        ],
        "icon": "Komodo CMS.png",
        "meta": {
            "generator": "^Komodo CMS"
        },
        "website": "https://www.komodocms.com"
    },
    "Kong": {
        "cats": [
            64
        ],
        "description": "Kong is an open-source API gateway and platform that acts as middleware between compute clients and the API-centric applications.",
        "headers": {
            "via": "^kong/([\\d\\.]+)(?:.+)?$\\;version:\\1"
        },
        "icon": "Kong.svg",
        "website": "https://konghq.com"
    },
    "Kontent.ai": {
        "cats": [
            1
        ],
        "description": "Kontent.ai is a SaaS-based modular content platform.",
        "dom": "img[src*='.kc-usercontent.com'], link[href*='.kc-usercontent.com']",
        "headers": {
            "content-security-policy": "\\.kc-usercontent\\.com"
        },
        "icon": "Kontent.ai.svg",
        "website": "https://kontent.ai"
    },
    "Koobi": {
        "cats": [
            1
        ],
        "icon": "Koobi.png",
        "meta": {
            "generator": "Koobi"
        },
        "website": "https://dream4.de/cms"
    },
    "Kooboo CMS": {
        "cats": [
            1
        ],
        "description": "Kooboo is a content management system (CMS) and web development framework used for building and managing websites and web applications.",
        "headers": {
            "X-KoobooCMS-Version": "^(.+)$\\;version:\\1"
        },
        "icon": "Kooboo CMS.svg",
        "scriptSrc": "/Kooboo",
        "website": "https://kooboo.com"
    },
    "Kotisivukone": {
        "cats": [
            1
        ],
        "description": "Kotisivukone is a Finnish website builder platform.",
        "icon": "Kotisivukone.svg",
        "scriptSrc": "kotisivukone(?:\\.min)?\\.js",
        "website": "https://www.kotisivukone.fi"
    }
}