{
    "LEPTON": {
        "cats": [
            1
        ],
        "description": "LEPTON is a PHP-based content management system with support for MySQL/MariaDB, WYSIWYG editing, multi-language capability, and secure backend features.",
        "icon": "LEPTON.svg",
        "meta": {
            "generator": "LEPTON"
        },
        "website": "https://www.lepton-cms.org"
    },
    "LGC": {
        "cats": [
            1
        ],
        "description": "LGC is a modern CMS designed to improve the management of your website.",
        "icon": "LGC.svg",
        "meta": {
            "generator": "^LGC$"
        },
        "website": "https://luigigabrieleconti.com"
    },
    "Labrador CMS": {
        "cats": [
            1
        ],
        "description": "Labrador CMS is a cloud-based CMS for professional publishers and newsrooms.",
        "icon": "LabradorCMS.svg",
        "website": "https://www.labradorcms.com"
    },
    "Laravel Echo": {
        "cats": [
            59
        ],
        "description": "Laravel Echo is a JavaScript library that makes it painless to subscribe to channels and listen for events broadcast by Laravel.",
        "icon": "Laravel Echo.svg",
        "js": {
            "Echo.connector": "",
            "echo.connector": ""
        },
        "website": "https://laravel.com/docs/broadcasting#client-side-installation"
    },
    "Layui": {
        "cats": [
            66
        ],
        "description": "Layui is an open-source modular front-end UI component library.",
        "icon": "Layui.svg",
        "js": {
            "layui.v": "([\\d\\.]+)\\;version:\\1"
        },
        "website": "https://layui.gitee.io"
    },
    "LazySizes": {
        "cats": [
            59,
            92
        ],
        "description": "LazySizes is a JavaScript library used to delay the loading of images (iframes, scripts, etc) until they come into view.",
        "icon": "default.svg",
        "js": {
            "lazySizes": "",
            "lazySizesConfig": ""
        },
        "website": "https://github.com/aFarkas/lazysizes"
    },
    "LazySizes unveilhooks plugin": {
        "cats": [
            59,
            92
        ],
        "description": "LazySizes unveilhooks plugin extends lazySizes to lazyload scripts/widgets, background images, styles and video/audio elements.",
        "icon": "default.svg",
        "scriptSrc": "ls\\.unveilhooks(?:\\.min)?\\.js",
        "website": "https://github.com/aFarkas/lazysizes/tree/gh-pages/plugins/unveilhooks"
    },
    "Lede": {
        "cats": [
            1
        ],
        "description": "Lede is a publishing platform and growth program designed to support journalism startups and news media.",
        "icon": "lede.svg",
        "js": {
            "ledeChartbeatViews": "",
            "ledeEngagement": "",
            "ledeEngagementReset": ""
        },
        "meta": {
            "og:image": "https?\\:\\/\\/lede-admin"
        },
        "website": "https://joinlede.com/"
    },
    "Lenis": {
        "cats": [
            59
        ],
        "description": "Lenis is a smooth scroll library to normalise the scrolling experience across devices.",
        "icon": "Lenis.svg",
        "js": {
            "Lenis": "",
            "lenisVersion": "([\\d\\.]+)\\;version:\\1"
        },
        "website": "http://lenis.darkroom.engineering"
    },
    "Liana": {
        "cats": [
            1
        ],
        "headers": {
            "Content-Security-Policy": "\\.lianacms\\.com"
        },
        "icon": "Liana.svg",
        "meta": {
            "generator": "Sivuviidakko"
        },
        "website": "https://www.lianatech.com/solutions/websites-and-commerce/websites.html"
    },
    "Lieferando": {
        "cats": [
            1,
            93
        ],
        "description": "Lieferando is an online portal for food orders.",
        "icon": "Lieferando.svg",
        "js": {
            "Tealium.pagedata.country": "lieferando\\.de"
        },
        "website": "https://www.lieferando.de"
    },
    "Liferay": {
        "cats": [
            1
        ],
        "description": "Liferay is an open-source company that provides free documentation and paid professional service to users of its software.",
        "headers": {
            "Liferay-Portal": "[a-z\\s]+([\\d.]+)\\;version:\\1"
        },
        "icon": "Liferay.svg",
        "js": {
            "Liferay": ""
        },
        "website": "https://www.liferay.com/"
    },
    "LightMon Engine": {
        "cats": [
            1
        ],
        "cookies": {
            "lm_online": ""
        },
        "icon": "LightMon Engine.png",
        "meta": {
            "generator": "LightMon Engine"
        },
        "website": "https://lightmon.ru"
    },
    "Lightbox": {
        "cats": [
            59
        ],
        "description": "Lightbox is small javascript library used to overlay images on top of the current page.",
        "dom": {
            "link[href*='lightbox']": {
                "attributes": {
                    "href": "/lightbox(?:\\.min)?\\.css"
                }
            }
        },
        "icon": "Lightbox.svg",
        "js": {
            "Lightbox.activeImage": "",
            "lightbox.$lightbox": ""
        },
        "scriptSrc": "lightbox(?:-plus-jquery)?.{0,32}\\.js",
        "website": "https://lokeshdhakar.com/projects/lightbox2/"
    },
    "List.js": {
        "cats": [
            59
        ],
        "description": "List.js is a small, fast JavaScript library that adds search, sort, and filter functionalities to plain HTML lists, tables, or other elements without requiring any dependencies.",
        "icon": "List.js.svg",
        "js": {
            "List": "\\;confidence:50"
        },
        "scriptSrc": [
            "list\\.js/\\;confidence:50",
            "@([\\d.]+)/(?:/dist)?list\\.(?:min\\.)?js\\;version:\\1"
        ],
        "website": "https://listjs.com"
    },
    "LiteSpeed": {
        "cats": [
            22
        ],
        "description": "LiteSpeed is a high-scalability web server.",
        "headers": {
            "Server": "^LiteSpeed$"
        },
        "icon": "LiteSpeed.svg",
        "website": "https://litespeedtech.com"
    },
    "Lithium": {
        "cats": [
            1
        ],
        "cookies": {
            "LithiumVisitor": ""
        },
        "icon": "Lithium.png",
        "js": {
            "LITHIUM": ""
        },
        "website": "https://www.lithium.com"
    },
    "Live Story": {
        "cats": [
            1,
            51
        ],
        "description": "Live Story is a platform designed for creating interactive, visual stories and presentations, offering tools for integrating multimedia content and data to build engaging narratives for professional use.",
        "icon": "LiveStory.svg",
        "js": {
            "LSHelpers": "",
            "LiveStory": ""
        },
        "website": "https://www.livestory.nyc"
    },
    "LiveStreet CMS": {
        "cats": [
            1
        ],
        "headers": {
            "X-Powered-By": "LiveStreet CMS"
        },
        "icon": "LiveStreet CMS.png",
        "js": {
            "LIVESTREET_SECURITY_KEY": ""
        },
        "website": "https://livestreetcms.com"
    },
    "LlamaLink Cloud Server": {
        "cats": [
            22
        ],
        "description": "LlamaLink Cloud Server is a custom dynamic web server based on Nginx Web server that load balance user traffic between hosting nodes and allows fast and cached experience to web and app users.",
        "headers": {
            "Serverversion": "^LlamaLink"
        },
        "icon": "LlamaLink.svg",
        "website": "https://llamalink.net"
    },
    "Loadable-Components": {
        "cats": [
            59
        ],
        "description": "Loadable-Components is a library to solve the React code-splitting client-side and server-side.",
        "dom": "script#__LOADABLE_REQUIRED_CHUNKS__",
        "icon": "Loadable-Components.png",
        "js": {
            "__LOADABLE_LOADED_CHUNKS__": ""
        },
        "website": "https://github.com/gregberge/loadable-components"
    },
    "Locomotive Scroll": {
        "cats": [
            59
        ],
        "description": "Locomotive Scroll is an opinionated JavaScript library that provides smooth scrolling animations and advanced scroll interactions for web applications.",
        "js": {
            "LocomotiveScroll": ""
        },
        "website": "https://github.com/locomotivemtl/locomotive-scroll"
    },
    "LocomotiveCMS": {
        "cats": [
            1
        ],
        "description": "LocomotiveCMS is a Ruby on Rails-based content management system (CMS) known for its flexibility and developer-friendly approach to building and managing websites.",
        "icon": "LocomotiveCMS.svg",
        "scriptSrc": "cdn\\.locomotive\\.works/",
        "website": "https://www.locomotivecms.com"
    },
    "Lodash": {
        "cats": [
            59
        ],
        "description": "Lodash is a JavaScript library which provides utility functions for common programming tasks using the functional programming paradigm.",
        "icon": "Lodash.svg",
        "js": {
            "_.VERSION": "^(.+)$\\;confidence:0\\;version:\\1",
            "_.differenceBy": "",
            "_.templateSettings.imports._.templateSettings.imports._.VERSION": "^(.+)$\\;version:\\1"
        },
        "scriptSrc": "lodash.*\\.js",
        "website": "https://www.lodash.com"
    },
    "Lodel": {
        "cats": [
            1
        ],
        "description": "Lodel is a software designed to support editorial teams in producing academic electronic publications.",
        "icon": "Lodel.svg",
        "meta": {
            "generator": "Lodel ([\\d.]+)?\\;version:\\1"
        },
        "website": "https://lodel.hypotheses.org"
    },
    "Lozad.js": {
        "cats": [
            59,
            92
        ],
        "description": "Lozad.js is a lightweight lazy-loading library that's just 535 bytes minified & gzipped.",
        "icon": "default.svg",
        "js": {
            "lozad": ""
        },
        "website": "https://apoorv.pro/lozad.js/"
    },
    "Lume": {
        "cats": [
            57
        ],
        "description": "Lume is a static site generator based on Deno.",
        "icon": "Lume.svg",
        "meta": {
            "generator": "^Lume\\sv([\\d\\.]+)$\\;version:\\1"
        },
        "website": "https://lume.land"
    },
    "libphonenumber": {
        "cats": [
            59
        ],
        "description": "libphonenumber is a JavaScript library for parsing, formatting, and validating international phone numbers.",
        "icon": "default.svg",
        "js": {
            "libphonenumber.AsYouType": "",
            "libphonenumber.DIGITS": ""
        },
        "scriptSrc": "(?:/([\\d\\.]+))?/libphonenumber(?:-js\\.min)?\\.js\\;version:\\1",
        "website": "https://github.com/google/libphonenumber"
    },
    "libwww-perl-daemon": {
        "cats": [
            22
        ],
        "headers": {
            "Server": "libwww-perl-daemon(?:/([\\d\\.]+))?\\;version:\\1"
        },
        "icon": "libwww-perl-daemon.png",
        "website": "https://metacpan.org/pod/HTTP::Daemon"
    },
    "lighttpd": {
        "cats": [
            22
        ],
        "description": "Lighttpd is an open-source web server optimised for speed-critical environment.",
        "headers": {
            "Server": "(?:L|l)ight(?:y)?(?:tpd)?(?:/([\\d\\.]+))?\\;version:\\1"
        },
        "icon": "lighttpd.svg",
        "website": "https://www.lighttpd.net"
    },
    "lit-element": {
        "cats": [
            59
        ],
        "description": "lit-element is a simple base class for creating web components that work in any web page with any framework. lit-element uses lit-html to render into shadow DOM, and adds API to manage properties and attributes.",
        "icon": "Lit.svg",
        "js": {
            "litElementVersions.0": "([\\d\\.]+)\\;version:\\1"
        },
        "website": "https://lit.dev"
    },
    "lit-html": {
        "cats": [
            59
        ],
        "description": "lit-html is a simple, modern, safe, small and fast HTML templating library for JavaScript.",
        "icon": "Lit.svg",
        "js": {
            "litHtmlVersions.0": "([\\d\\.]+)\\;version:\\1"
        },
        "website": "https://lit.dev"
    },
    "lite-youtube-embed": {
        "cats": [
            59
        ],
        "description": "The lite-youtube-embed technique renders the YouTube video inside the IFRAME tag only when the play button in clicked thus improving the core web vitals score of your website.",
        "dom": "lite-youtube",
        "website": "https://github.com/paulirish/lite-youtube-embed"
    }
}