{
    "S-COREpion": {
        "cats": [
            1
        ],
        "description": "S-COREpion is a PHP and MySQL-based content management system (CMS) used for creating and managing websites and web applications.",
        "headers": {
            "x-powered-by": "^S-COREpion CMS$"
        },
        "icon": "S-COREpion.svg",
        "website": "https://s-corepion.ru"
    },
    "SDL Tridion": {
        "cats": [
            1
        ],
        "icon": "SDL Tridion.svg",
        "website": "https://www.sdl.com/products/tridion"
    },
    "SIDEARM Sports": {
        "cats": [
            1
        ],
        "description": "SIDEARM Sports provides the software and technology that powers the websites, livestats, and video streaming for athletic programs North America.",
        "icon": "SIDEARM Sports.svg",
        "js": {
            "sidearmComponents": "",
            "sidearmsports": ""
        },
        "website": "https://sidearmsports.com/websites"
    },
    "SPIP": {
        "cats": [
            1
        ],
        "description": "SPIP is a content management system written in PHP that uses one or more databases like SQL, SQLite or PostgreSQL.",
        "dom": "div.formulaire_spip",
        "headers": {
            "Composed-By": "SPIP ([\\d.]+) @\\;version:\\1",
            "X-Spip-Cache": ""
        },
        "icon": "spip.svg",
        "meta": {
            "generator": "(?:^|\\s)SPIP(?:\\s([\\d.]+(?:\\s\\[\\d+\\])?))?\\;version:\\1"
        },
        "website": "https://www.spip.net"
    },
    "SQL Buddy": {
        "cats": [
            3
        ],
        "description": "SQL Buddy is an open-source web-based application written in PHP to handle the administration of MySQL and SQLite with the use of a Web browser.",
        "icon": "SQL Buddy.png",
        "website": "https://www.sqlbuddy.com"
    },
    "Saber": {
        "cats": [
            57
        ],
        "description": "Saber is a framework for building static websites.",
        "dom": "div[id*='_saber']",
        "icon": "Saber.svg",
        "meta": {
            "generator": "^Saber v([\\d.]+)$\\;version:\\1"
        },
        "website": "https://saber.land/"
    },
    "Saffire": {
        "cats": [
            1,
            104
        ],
        "description": "Saffire is a ticketing and CMS system.",
        "icon": "Saffire.svg",
        "js": {
            "saffire.angular": ""
        },
        "website": "https://www.saffire.com"
    },
    "Sanity": {
        "cats": [
            1
        ],
        "description": "Sanity is a platform for structured content. It comes with an open-source, headless CMS that can be customized with Javascript, a real-time hosted data store and an asset delivery pipeline.",
        "dom": {
            "img[src*='cdn.sanity.io'],img[srcset*='cdn.sanity.io'],video[src*='cdn.sanity.io'],source[src*='cdn.sanity.io'],source[srcset*='cdn.sanity.io'],track[src*='cdn.sanity.io']": {
                "attributes": {
                    "src": "",
                    "srcset": ""
                }
            }
        },
        "headers": {
            "content-security-policy": "cdn\\.sanity\\.io",
            "x-sanity-shard": ""
        },
        "icon": "Sanity.svg",
        "website": "https://www.sanity.io"
    },
    "Sapren": {
        "cats": [
            1
        ],
        "description": "Sapren is a CMS produced by PHP, Laravel framework and MySQL.",
        "icon": "Sapren.png",
        "meta": {
            "generator": "^Saprenco.com Website Builder$"
        },
        "website": "https://www.sapren.net"
    },
    "Sarka-SPIP": {
        "cats": [
            1
        ],
        "icon": "Sarka-SPIP.png",
        "meta": {
            "generator": "Sarka-SPIP(?:\\s([\\d.]+))?\\;version:\\1"
        },
        "website": "https://sarka-spip.net"
    },
    "Scorpion": {
        "cats": [
            1
        ],
        "description": "Scorpion is a marketing and technology provider.",
        "icon": "Scorpion.svg",
        "js": {
            "Process.UserData": ""
        },
        "scriptSrc": "cdn.cxc.scorpion.direct",
        "website": "https://www.scorpion.co/"
    },
    "Scrivito": {
        "cats": [
            1
        ],
        "description": "Scrivito is a decoupled/headless enterprise web CMS.",
        "icon": "Scrivito.svg",
        "js": {
            "Scrivito": "",
            "scrivito": ""
        },
        "meta": {
            "generator": "^Scrivito\\sby\\sInfopark\\sAG\\s\\(scrivito\\.com\\)$"
        },
        "website": "https://www.scrivito.com"
    },
    "ScrollMagic": {
        "cats": [
            59
        ],
        "description": "ScrollMagic is a jQuery plugin which essentially lets you use the scrollbar like a playback scrub control.",
        "icon": "ScrollMagic.svg",
        "js": {
            "ScrollMagic": "",
            "ScrollMagic.version": "^([\\d\\.]+)$\\;version:\\1"
        },
        "website": "https://scrollmagic.io"
    },
    "Scully": {
        "cats": [
            57
        ],
        "description": "Scully is a static site generator for Angular projects looking to embrace the Jamstack.",
        "icon": "Scully.svg",
        "js": {
            "ScullyIO": ""
        },
        "meta": {
            "generator": "^Scully\\s([\\d\\.]+)$\\;version:\\1"
        },
        "website": "https://scully.io"
    },
    "Select2": {
        "cats": [
            59
        ],
        "description": "Select2 is a jQuery based replacement for select boxes. It supports searching, remote data sets, and infinite scrolling of results.",
        "icon": "Select2.svg",
        "js": {
            "jQuery.fn.select2": ""
        },
        "scriptSrc": "select2(?:\\.min|\\.full)?\\.js",
        "website": "https://select2.org/"
    },
    "Selectize": {
        "cats": [
            59
        ],
        "description": "Selectize is an extensible jQuery-based custom <select> UI control.",
        "icon": "Selectize.svg",
        "js": {
            "Selectize": "",
            "selectize": ""
        },
        "website": "https://selectize.dev"
    },
    "Semantic UI": {
        "cats": [
            66
        ],
        "description": "Semantic UI is a front-end development framework, powered by LESS and jQuery.",
        "dom": "link[href*='/semantic.min.css']",
        "icon": "Semantic-ui.svg",
        "scriptSrc": "/semantic(?:-([\\d.]+))?(?:\\.min)?\\.js\\;version:\\1",
        "website": "https://semantic-ui.com/"
    },
    "Sencha Touch": {
        "cats": [
            12,
            26
        ],
        "description": "Sencha Touch is a user interface (UI) JavaScript library, or web framework, specifically built for the Mobile Web.",
        "icon": "Sencha Touch.svg",
        "scriptSrc": "sencha-touch.*\\.js",
        "website": "https://www.sencha.com/products/touch"
    },
    "Serendipity": {
        "cats": [
            1,
            11
        ],
        "icon": "Serendipity.png",
        "meta": {
            "Powered-By": "Serendipity v\\.([\\d.]+)\\;version:\\1",
            "generator": "Serendipity(?: v\\.([\\d.]+))?\\;version:\\1"
        },
        "website": "https://s9y.org"
    },
    "Shapecss": {
        "cats": [
            66
        ],
        "dom": "link[href*='shapecss.css'],link[href*='shapecss.min.css']",
        "icon": "Shapecss.svg",
        "js": {
            "Shapecss": ""
        },
        "scriptSrc": [
            "shapecss[-.]([\\d.]*\\d)[^/]*\\.js\\;version:\\1",
            "/([\\d.]+)/shapecss(?:\\.min)?\\.js\\;version:\\1",
            "shapecss.*\\.js"
        ],
        "website": "https://shapecss.com"
    },
    "Shift4Shop": {
        "cats": [
            1,
            6
        ],
        "cookies": {
            "3dvisit": ""
        },
        "description": "Shift4Shop, formerly known as 3Dcart, is an ecommerce software provider for online businesses.",
        "headers": {
            "X-Powered-By": "3DCART"
        },
        "icon": "Shift4Shop.svg",
        "js": {
            "_3d_cart.subtotal": ""
        },
        "scriptSrc": "(?:twlh(?:track)?\\.asp|3d_upsell\\.js)",
        "website": "https://www.shift4shop.com"
    },
    "Shoelace": {
        "cats": [
            66
        ],
        "description": "Shoelace is an open-source, framework-agnostic component for building accessible web applications.",
        "dom": {
            "html[data-shoelace-version]": {
                "attributes": {
                    "data-shoelace-version": "^([\\d.]+)$\\;version:\\1"
                }
            }
        },
        "icon": "Shoelace.svg",
        "scriptSrc": "/npm/@shoelace-style/shoelace@([\\d.]+)\\;version:\\1",
        "website": "https://shoelace.style"
    },
    "Shopistry": {
        "cats": [
            1
        ],
        "description": "Shopistry is a data-driven, headless customer management system.",
        "dom": "img[src*='cdn.shopistrystage.com/'],link[imagesrcset*='cdn.shopistrystage.com/']",
        "icon": "Shopistry.svg",
        "website": "https://www.shopistry.com/"
    },
    "ShoutCMS": {
        "cats": [
            1
        ],
        "description": "ShoutCMS is a web content management system (CMS) that allows users to build and manage websites.",
        "icon": "ShoutCMS.svg",
        "js": {
            "Shout.addHeaderButton": ""
        },
        "meta": {
            "generator": "Shoutcms"
        },
        "website": "https://shoutcms.com"
    },
    "Shuttle": {
        "cats": [
            1
        ],
        "description": "Shuttle is a website development platform.",
        "icon": "Devisto.svg",
        "js": {
            "Shuttle.FrontApp": ""
        },
        "scriptSrc": "shuttle(?:-assets-new|-storage)\\.s3\\.amazonaws\\.com",
        "website": "https://www.devisto.com"
    },
    "Silverstripe": {
        "cats": [
            1
        ],
        "description": "Silverstripe CMS is a free and open source Content Management System and Framework for creating and maintaining websites and web applications.",
        "icon": "SilverStripe.svg",
        "meta": {
            "generator": "^SilverStripe"
        },
        "website": "https://www.silverstripe.org/"
    },
    "Simple.css": {
        "cats": [
            66
        ],
        "description": "Simple.css is a CSS template.",
        "dom": "link[href*='cdn.simplecss.org/']",
        "icon": "Simple.css.svg",
        "website": "https://simplecss.org"
    },
    "SimpleHTTP": {
        "cats": [
            22
        ],
        "headers": {
            "Server": "SimpleHTTP(?:/([\\d.]+))?\\;version:\\1"
        },
        "website": "https://example.com"
    },
    "SimplexNoise.js": {
        "cats": [
            59
        ],
        "description": "SimplexNoise.js is a library that generates pseudorandom noise functions, designed for use in video games, graphical applications, and demoscene production.",
        "js": {
            "SimplexNoise": ""
        },
        "scriptSrc": "/simplex-noise/([\\d\\.]+)/simplex-noise.min.js\\;version:\\1",
        "website": "https://github.com/jwagner/simplex-noise.js"
    },
    "Simpl\u00e9bo": {
        "cats": [
            1
        ],
        "description": "Simpl\u00e9bo is a French company that provides website creation and management services, including tools for building, hosting, and optimizing websites and ecommerce platforms.",
        "headers": {
            "X-ServedBy": "simplebo"
        },
        "icon": "Simplebo.svg",
        "website": "https://www.simplebo.fr"
    },
    "SiteEdit": {
        "cats": [
            1
        ],
        "description": "SiteEdit is a Russian website builder and CMS.",
        "icon": "SiteEdit.svg",
        "meta": {
            "generator": "SiteEdit"
        },
        "website": "https://www.siteedit.ru"
    },
    "SiteManager": {
        "cats": [
            1
        ],
        "description": "SiteManager is a collaborative no-code/low-code web design platform for agencies and marketing teams.",
        "dom": "link[href*='.sitemn.gr/']",
        "icon": "SiteManager.svg",
        "js": {
            "SM_CookiesModal": "\\;confidence:50",
            "SM_Modal": "\\;confidence:50",
            "swvar_urltext": "Powered By SiteManager"
        },
        "scriptSrc": "s\\d+\\.sitemn\\.gr/",
        "website": "https://www.sitemanager.io"
    },
    "SitePad": {
        "cats": [
            57
        ],
        "description": "SitePad is a WYSIWYG drag and drop website building and maintenance program.",
        "icon": "SitePad.svg",
        "meta": {
            "generator": "^SitePad(?:\\s([\\d\\.]+))?$\\;version:\\1"
        },
        "website": "https://sitepad.com"
    },
    "Sitecore": {
        "cats": [
            1
        ],
        "cookies": {
            "SC_ANALYTICS_GLOBAL_COOKIE": "",
            "SC_OS_SessionId": "",
            "sc_expview": "",
            "sxa_site": ""
        },
        "description": "Sitecore provides web content management, and multichannel marketing automation software.",
        "dom": [
            "link[href*='/_sitecore/']",
            "img[src^='/-/media/']",
            "img[src*='/~/media/.+\\.ashx']"
        ],
        "icon": "Sitecore.svg",
        "js": {
            "SitecoreUtilities": ""
        },
        "website": "https://www.sitecore.com/"
    },
    "Sitecore Experience Platform": {
        "cats": [
            1
        ],
        "description": "Sitecore Experience Platform is a digital platform used by businesses to create, manage, and deliver personalised content and experiences to users across different channels.",
        "icon": "Sitecore.svg",
        "website": "https://www.sitecore.com/products/sitecore-experience-platform"
    },
    "Siteglide": {
        "cats": [
            1,
            53
        ],
        "description": "SiteGlide is a Digital Experience Platform (DEP) for ecommerce stores, membership sites and customer portals.",
        "icon": "Siteglide.svg",
        "scriptSrc": "siteglide\\.js",
        "website": "https://www.siteglide.com"
    },
    "Sitepark IES": {
        "cats": [
            1
        ],
        "description": "Sitepark IES is a content management system written in PHP and paired with a MySQL database.",
        "icon": "Sitepark.png",
        "meta": {
            "generator": "^Sitepark\\sInformation\\sEnterprise\\sServer\\s-\\sIES\\sGenerator\\sv([\\d\\.]+)$\\;version:\\1|^Information\\sEnterprise\\sServer\\s\u2013\\sSitepark\\sGmbH$"
        },
        "website": "https://www.sitepark.com/oeffentlicher-sektor/produkte/cms-technologie.php"
    },
    "Sitepark InfoSite": {
        "cats": [
            1
        ],
        "description": "Sitepark InfoSite is a content management system and complete application of Sitepark IES which written in PHP and paired with a MySQL database.",
        "icon": "Sitepark.png",
        "meta": {
            "generator": "^InfoSite\\s([\\d\\.]+)\\s-\\sSitepark\\sInformation\\sEnterprise\\sServer$\\;version:\\1"
        },
        "website": "https://www.sitepark.com/mittelstand/content-management-system/index.php"
    },
    "Sitevision CMS": {
        "cats": [
            1
        ],
        "cookies": {
            "SiteVisionLTM": ""
        },
        "description": "Sitevision CMS is a platform for web publishing that consists of flexible and pre-made modules. Available as self-hosed software and Cloud SaaS.",
        "icon": "Sitevision CMS.svg",
        "scriptSrc": [
            "sitevision/system-resource/(?:[\\w\\d]+)/js/docready-min\\.js\\;confidence:25",
            "sitevision/system-resource/(?:[\\w\\d]+)/js/AppRegistry\\.js\\;confidence:25",
            "sitevision/system-resource/(?:[\\w\\d]+)/webapps/webapp_sdk-min\\.js\\;confidence:50",
            "sitevision/system-resource/(?:[\\w\\d]+)/envision/envision\\.js\\;confidence:50"
        ],
        "website": "https://www.sitevision.se"
    },
    "SixCMS": {
        "cats": [
            1
        ],
        "description": "SixCMS is a content management system (CMS) used for creating and managing websites and digital content.",
        "dom": "img[src*='/sixcms/']",
        "icon": "SixCMS.svg",
        "website": "https://www.six.de/produktwelt/content-management/"
    },
    "Skilldo": {
        "cats": [
            1
        ],
        "description": "Skilldo is a content management system written in PHP and paired with a MySQL or MariaDB database.",
        "headers": {
            "cms-name": "^Skilldo$",
            "cms-version": "([\\d\\.]+)\\;version:\\1\\;confidence:0"
        },
        "icon": "Skilldo.png",
        "website": "https://developers.sikido.vn/docs/cms/"
    },
    "Skitter": {
        "cats": [
            59
        ],
        "description": "Skitter is a jQuery-based slider system.",
        "icon": "Skitter.svg",
        "scriptSrc": "/jquery\\.skitter\\.min\\.js",
        "website": "https://skitter-slider.net"
    },
    "Skolengo": {
        "cats": [
            1,
            21
        ],
        "description": "Skolengo is an Education Management Software developed by Kosmos Education.",
        "icon": "Skolengo.svg",
        "meta": {
            "generator": "Skolengo",
            "version": "^([\\d\\.]+)$\\;version:\\1\\;confidence:0"
        },
        "website": "https://www.skolengo.com"
    },
    "Skrollr": {
        "cats": [
            59
        ],
        "description": "Skrollr is a JavaScript library supporting parallax scrolling on mobile and desktop platforms in a compact 12k minified size.",
        "js": {
            "skrollr.VERSION": "^(.+)$\\;version:\\1"
        },
        "website": "https://prinzhorn.github.io/skrollr/"
    },
    "Slick": {
        "cats": [
            59
        ],
        "dom": "link[href*='slick-theme.css']",
        "icon": "Slick.svg",
        "scriptSrc": "(?:/([\\d.]+))?/slick(?:\\.min)?\\.js\\;version:\\1",
        "website": "https://kenwheeler.github.io/slick"
    },
    "Slim Select": {
        "cats": [
            59
        ],
        "description": "Slim Select is a JavaScript library designed to enable the creation of select dropdowns with enhanced functionality and features.",
        "dom": "div.ss-values, div.ss-deselect.ss-hide",
        "icon": "SlimSelect.png",
        "website": "https://slimselectjs.com"
    },
    "Slimbox": {
        "cats": [
            59
        ],
        "dom": "link[href*='slimbox.css'],link[href*='slimbox-rtl.css']",
        "icon": "Slimbox.png",
        "scriptSrc": "slimbox\\.js",
        "website": "https://www.digitalia.be/software/slimbox"
    },
    "Slimbox 2": {
        "cats": [
            59
        ],
        "dom": "link[href*='slimbox2.css'], link[href*='slimbox2-rtl.css']",
        "icon": "Slimbox.png",
        "scriptSrc": "slimbox2\\.js",
        "website": "https://www.digitalia.be/software/slimbox2"
    },
    "Smartstore Page Builder": {
        "cats": [
            1
        ],
        "dom": "section[class*='g-stage']",
        "icon": "Smartstore.svg",
        "website": "https://www.smartstore.com"
    },
    "Snap": {
        "cats": [
            18,
            22
        ],
        "headers": {
            "Server": "Snap/([.\\d]+)\\;version:\\1"
        },
        "icon": "Snap.png",
        "website": "https://snapframework.com"
    },
    "Snap.svg": {
        "cats": [
            59
        ],
        "icon": "Snap.svg.svg",
        "js": {
            "Snap.version": "^(.+)$\\;version:\\1"
        },
        "scriptSrc": "snap\\.svg(?:-min)?\\.js",
        "website": "https://snapsvg.io"
    },
    "Socket.io": {
        "cats": [
            12
        ],
        "icon": "Socket.io.svg",
        "js": {
            "io.Socket": "",
            "io.version": "^(.+)$\\;version:\\1"
        },
        "scriptSrc": "socket\\.io.*\\.js",
        "website": "https://socket.io"
    },
    "SolidJS": {
        "cats": [
            12
        ],
        "description": "SolidJS is a purely reactive library. It was designed from the ground up with a reactive core. It's influenced by reactive principles developed by previous libraries.",
        "icon": "SolidJS.svg",
        "js": {
            "Solid$$": ""
        },
        "website": "https://www.solidjs.com/"
    },
    "SolidPixels": {
        "cats": [
            1,
            6,
            4
        ],
        "description": "Solidpixels is platform to build websites.",
        "icon": "SolidPixels.svg",
        "meta": {
            "web_author": "^solidpixels"
        },
        "scriptSrc": [
            "^https?://cdn\\.solidpixels\\.net/"
        ],
        "website": "https://www.solidpixels.net"
    },
    "SolidStart": {
        "cats": [
            18,
            22
        ],
        "description": "SolidStart is the Solid app framework.",
        "icon": "SolidJS.svg",
        "js": {
            "_$HY.init": ""
        },
        "website": "https://start.solidjs.com"
    },
    "Solodev": {
        "cats": [
            1
        ],
        "description": "Solodev is a cloud-based content management system (CMS) and web experience platform.",
        "dom": "div[class*='dynamicDiv']",
        "headers": {
            "solodev_session": ""
        },
        "icon": "Solodev.svg",
        "scriptSrc": "www\\.solodev\\.com/",
        "website": "https://www.solodev.com"
    },
    "Sotel": {
        "cats": [
            1
        ],
        "description": "Sotel is a company that provides educational solutions and tools for e-learning and online training.",
        "icon": "Sotel.svg",
        "meta": {
            "generator": "sotel"
        },
        "website": "https://www.soteledu.com/en/"
    },
    "SoundManager": {
        "cats": [
            59
        ],
        "icon": "SoundManager.png",
        "js": {
            "BaconPlayer": "",
            "SoundManager": "",
            "soundManager.version": "V(.+) \\;version:\\1"
        },
        "website": "https://www.schillmania.com/projects/soundmanager2"
    },
    "Spatie Media Library Pro": {
        "cats": [
            66
        ],
        "description": "Spatie Media Library Pro is a set of customizable UI components for Spatie Media Library.",
        "icon": "Spatie Media Library Pro.svg",
        "website": "https://medialibrary.pro"
    },
    "Spin.js": {
        "cats": [
            59
        ],
        "description": "Spin.js is a configurable JavaScript/CSS spinner serving as a resolution-independent loading indicator.",
        "icon": "SpinJS.svg",
        "js": {
            "Spinner": ""
        },
        "scriptSrc": "cdnjs\\.cloudflare\\.com/ajax/libs/spin\\.js/([\\d\\.]+)/spin\\.min\\.js\\;version:\\1",
        "website": "https://spin.js.org"
    },
    "Spine.js": {
        "cats": [
            59
        ],
        "description": "Spine is a lightweight MVC library for building JavaScript web applications.",
        "icon": "SpineJS.svg",
        "js": {
            "Spine": "",
            "Spine.version": "^(.+)$\\;version:\\1",
            "pixi_spine.Spine": ""
        },
        "website": "https://spine.github.io"
    },
    "Splide": {
        "cats": [
            59
        ],
        "description": "Splide.js is a lightweight, responsive, and customizable slider and carousel library for JavaScript.",
        "icon": "Splide.svg",
        "js": {
            "Splide.STATES": "",
            "Splide.name": "i"
        },
        "website": "https://splidejs.com"
    },
    "Sprig plugin": {
        "cats": [
            66
        ],
        "description": "Sprig is a free plugin for Craft CMS that allows you to create reactive components from Twig templates \u200bor PHP classes.",
        "dom": "form[sprig], button[sprig], input[sprig], div.sprig-component",
        "icon": "Sprig plugin.svg",
        "website": "https://putyourlightson.com/plugins/sprig"
    },
    "SpriteSpin": {
        "cats": [
            59
        ],
        "description": "SpriteSpin is a JavaScript plugin that enables users to create 360-degree image spin animations on their websites.",
        "icon": "SprintHub.svg",
        "js": {
            "SpriteSpin": ""
        },
        "website": "https://github.com/giniedp/spritespin"
    },
    "Squarespace": {
        "cats": [
            1
        ],
        "description": "Squarespace provides Software-as-a-Service (SaaS) for website building and hosting, and allows users to use pre-built website templates.",
        "headers": {
            "server": "Squarespace"
        },
        "icon": "Squarespace.svg",
        "js": {
            "Squarespace": "",
            "Static.SQUARESPACE_CONTEXT.templateVersion": "^(\\d(?:\\.\\d)?)$\\;version:\\1"
        },
        "website": "https://www.squarespace.com"
    },
    "Squiz Matrix": {
        "cats": [
            1
        ],
        "description": "A flexible, low-code enterprise content management system designed to manage multiple sites with many editors.",
        "dom": "link[href*='/__data/assets/css_file/']",
        "headers": {
            "X-Powered-By": "Squiz Matrix"
        },
        "icon": "Squiz Matrix.svg",
        "meta": {
            "generator": "Squiz Matrix"
        },
        "scriptSrc": [
            "/__data/assets/(js_file_folder|git_bridge|js_file)/"
        ],
        "website": "https://www.squiz.net/matrix"
    },
    "Starlet": {
        "cats": [
            22
        ],
        "description": "Starlet is a high-performance, lightweight web server for Perl applications.",
        "headers": {
            "Server": "^Plack::Handler::Starlet"
        },
        "icon": "Starlet.svg",
        "website": "https://metacpan.org/pod/Starlet"
    },
    "Statamic": {
        "cats": [
            1
        ],
        "description": "Statamic is an open-source and self-hosted content management system based on the PHP programming language.",
        "headers": {
            "x-powered-by": "^Statamic$"
        },
        "icon": "Statamic.svg",
        "js": {
            "Statamic": ""
        },
        "website": "https://statamic.com"
    },
    "Stellantis": {
        "cats": [
            1
        ],
        "description": "Stellantis is a global automaker and provider of mobility solutions.",
        "icon": "Stellantis.svg",
        "js": {
            "stellantis_d2_library": "",
            "stellantis_whitelabel_library": "",
            "webpackChunkstellantis_d2_library": ""
        },
        "website": "https://www.stellantis.com"
    },
    "Stimulus": {
        "cats": [
            12
        ],
        "description": "A modest JavaScript framework for the HTML you already have.",
        "icon": "Stimulus.svg",
        "js": {
            "Stimulus.Application": "",
            "stimulus_application": ""
        },
        "website": "https://stimulusjs.org/"
    },
    "Stitches": {
        "cats": [
            12,
            47
        ],
        "description": "Stitches is a is a CSS-in-JS styling framework with near-zero runtime, SSR, and multi-variant support.",
        "dom": "style#stitches",
        "icon": "Stitches.svg",
        "meta": {
            "generator": "^c-[A-Za-z]{5}$"
        },
        "website": "https://stitches.dev"
    },
    "Storefront UI": {
        "cats": [
            66
        ],
        "description": "Storefront UI is an independent, Vue. js-based, library of UI components.",
        "dom": {
            "link[href*='/dist/sfui']": {
                "attributes": {
                    "href": "/dist/sfui.+\\.js"
                }
            }
        },
        "icon": "Storefront UI.svg",
        "website": "https://vuestorefront.io/storefront-ui"
    },
    "Storyblok": {
        "cats": [
            1
        ],
        "description": "Storyblok is a headless CMS with a visual editor for developers, marketers and content editors. Storyblok helps your team to manage content and digital experiences for every use-case from corporate websites, ecommerce, helpdesks, mobile apps, screen displays, and more.",
        "dom": "img[src*='//a.storyblok.com/'], img[srcset*='a.storyblok.com']",
        "headers": {
            "content-security-policy": "app\\.storyblok\\.com",
            "x-frame-options": "app\\.storyblok\\.com"
        },
        "icon": "Storyblok.svg",
        "js": {
            "StoryblokBridge": "",
            "storyblokRegisterEvent": ""
        },
        "website": "https://www.storyblok.com"
    },
    "Storybook": {
        "cats": [
            47,
            66
        ],
        "description": "Storybook is a frontend workshop for building UI components and pages in isolation.",
        "icon": "storybook.svg",
        "js": {
            "__STORYBOOKADDONS__": "",
            "__STORYBOOK_ADDONS": ""
        },
        "website": "https://storybook.js.org"
    },
    "Strapdown.js": {
        "cats": [
            12
        ],
        "icon": "strapdown.js.png",
        "scriptSrc": "strapdown\\.js",
        "website": "https://strapdownjs.com"
    },
    "Strapi": {
        "cats": [
            1
        ],
        "description": "Strapi is an open-source headless CMS used for building fast and easily manageable APIs written in JavaScript.",
        "headers": {
            "X-Powered-By": "^Strapi"
        },
        "icon": "Strapi.svg",
        "website": "https://strapi.io"
    },
    "Strato Website": {
        "cats": [
            1
        ],
        "description": "Strato Website is a website builder by Strato hosting provider.",
        "icon": "Strato.svg",
        "js": {
            "Strftime.configuration": ""
        },
        "scriptSrc": "strato-editor\\.com/",
        "website": "https://www.strato.de/homepage-baukasten"
    },
    "Strikingly": {
        "cats": [
            1
        ],
        "icon": "Strikingly.svg",
        "js": {
            "STRIKINGLY_RELEASE_TAG": ""
        },
        "scriptSrc": "\\.strikinglycdn\\.com/",
        "website": "https://strikingly.com"
    },
    "Subrion": {
        "cats": [
            1
        ],
        "headers": {
            "X-Powered-CMS": "Subrion CMS"
        },
        "icon": "Subrion.png",
        "meta": {
            "generator": "^Subrion "
        },
        "website": "https://subrion.com"
    },
    "Sugar": {
        "cats": [
            59
        ],
        "description": "Sugar is a Javascript utility library for working with native objects.",
        "icon": "Sugar.svg",
        "js": {
            "SUGAR.AutoComplete": ""
        },
        "scriptSrc": "/sugar/([\\d\\.]+)/release/sugar\\.min\\.js\\;version:\\1",
        "website": "https://sugarjs.com"
    },
    "SugarWOD": {
        "cats": [
            1
        ],
        "description": "SugarWOD is a workout software for coaches and everyday athletes.",
        "icon": "SugarWOD.svg",
        "js": {
            "SugarWOD.activeTracks": "",
            "SugarWODUtil.addAnimation": ""
        },
        "website": "https://www.sugarwod.com"
    },
    "Sulu": {
        "cats": [
            1
        ],
        "description": "Sulu is the go-to CMS for back-end projects written within the PHP Symfony framework.",
        "headers": {
            "X-Generator": "Sulu/?(.+)?$\\;version:\\1"
        },
        "icon": "Sulu.svg",
        "js": {
            "SULU_CONFIG.suluVersion": "^([\\d\\.]+)$\\;version:\\1"
        },
        "website": "https://sulu.io"
    },
    "Suncel": {
        "cats": [
            1
        ],
        "description": "Suncel is a powerful and versatile content platform with a simple visual builder for marketers and publishers.",
        "dom": "img[srcset*='assets.suncel.io']",
        "icon": "Suncel.svg",
        "js": {
            "__NEXT_DATA__.props.pageProps.suncel": ""
        },
        "website": "https://suncel.io"
    },
    "Svelte": {
        "cats": [
            12
        ],
        "description": "Svelte is a free and open-source front end compiler created by Rich Harris and maintained by the Svelte core team members.",
        "dom": "link[href*='/svelte/'], main[class^='svelte-'], a[data-svelte-h^='svelte-']",
        "icon": "Svelte.svg",
        "js": {
            "__svelte": ""
        },
        "website": "https://svelte.dev"
    },
    "SvelteKit": {
        "cats": [
            66
        ],
        "description": "SvelteKit is the official Svelte framework for building web applications with a flexible filesystem-based routing.",
        "dom": {
            "#svelte-announcer": {
                "exists": ""
            },
            "a,body": {
                "attributes": {
                    "data-sveltekit-preload-data": "",
                    "sveltekit:prefetch": ""
                }
            }
        },
        "icon": "Svelte.svg",
        "meta": {
            "generator": "SvelteKit"
        },
        "website": "https://kit.svelte.dev"
    },
    "SweetAlert": {
        "cats": [
            59
        ],
        "description": "SweetAlert is a JavaScript library that provides alternative alert and modal dialog boxes for web applications, with customisable features, aiming to improve the user interface of the default browser dialogs.",
        "dom": {
            "link[href*='sweet-alert']": {
                "attributes": {
                    "href": "sweet-alert(?:\\.min)?\\.css"
                }
            }
        },
        "icon": "SweetAlert.png",
        "scriptSrc": "sweet(?:-)?alert(?:\\.min)?\\.js",
        "website": "https://sweetalert.js.org"
    },
    "SweetAlert2": {
        "cats": [
            59
        ],
        "description": "SweetAlert2 is a JavaScript library that provides customisable, visually appealing, and responsive alert and modal dialog boxes for web applications.",
        "dom": {
            "link[href*='sweetalert2']": {
                "attributes": {
                    "href": "sweetalert2(?:\\.min)?\\.css"
                }
            }
        },
        "icon": "SweetAlert2.svg",
        "js": {
            "Sweetalert2": ""
        },
        "scriptSrc": [
            "sweetalert2(?:\\.all)?(?:\\.min)?\\.js",
            "/npm/sweetalert2@([\\d.]+)\\;version:\\1",
            "sweetalert2@([\\d.]+)/dist/sweetalert2(?:\\.all)(?:\\.min)\\.js",
            "limonte-sweetalert2/([\\d.]+)/sweetalert2(?:\\.all)(?:\\.min)\\.js"
        ],
        "website": "https://sweetalert2.github.io/"
    },
    "Swiffy Slider": {
        "cats": [
            59
        ],
        "description": "Swiffy Slider is a wrapper defined in html with slides, navigation and indicators as its children.",
        "dom": "link[href*='/swiffy-slider.min.css']",
        "icon": "Swiffy Slider.svg",
        "scriptSrc": "/npm/swiffy-slider@([\\d\\.]+)/\\;version:\\1",
        "website": "https://swiffyslider.com"
    },
    "Swiper": {
        "cats": [
            59
        ],
        "description": "Swiper is a JavaScript library that creates modern touch sliders with hardware-accelerated transitions.",
        "dom": [
            "div[data-swiper-slide-index]",
            "swiper-container",
            "swiper-slide",
            "div.swiper-wrapper",
            "div.swiper-initialized",
            "div.swiper-vertical"
        ],
        "icon": "Swiper.svg",
        "js": {
            "Swiper": ""
        },
        "scriptSrc": "swiper(?:\\.min)?\\.js",
        "website": "https://swiperjs.com"
    },
    "Swup": {
        "cats": [
            59
        ],
        "description": "Swup is a versatile and expandable library for implementing page transitions on websites that use server-side rendering.",
        "dom": "html[class*='swup-enabled']",
        "icon": "Swup.svg",
        "js": {
            "Swup": ""
        },
        "website": "https://swup.js.org"
    },
    "Syncfusion": {
        "cats": [
            59
        ],
        "description": "Syncfusion is a JavaScript UI controls library that includes a wide range of UI components in a single package.",
        "dom": "link[href*='cdn.syncfusion.com/']",
        "icon": "Syncfusion.svg",
        "js": {
            "Syncfusion": ""
        },
        "scriptSrc": "\\.syncfusion\\.com/",
        "website": "https://www.syncfusion.com"
    },
    "sNews": {
        "cats": [
            1
        ],
        "icon": "sNews.png",
        "meta": {
            "generator": "sNews"
        },
        "website": "https://snewscms.com"
    },
    "script.aculo.us": {
        "cats": [
            59
        ],
        "icon": "script.aculo.us.png",
        "js": {
            "Scriptaculous.Version": "^(.+)$\\;version:\\1"
        },
        "scriptSrc": "/(?:scriptaculous|protoaculous)(?:\\.js|/)",
        "website": "https://script.aculo.us"
    },
    "scrollreveal": {
        "cats": [
            59
        ],
        "icon": "scrollreveal.svg",
        "js": {
            "ScrollReveal": ""
        },
        "scriptSrc": "scrollreveal(?:\\.min)(?:\\.js)",
        "website": "https://scrollrevealjs.org"
    },
    "shadcn-svelte": {
        "cats": [
            66
        ],
        "description": "Shadcn-svelte is an adaptation of shadcn/ui for Svelte, offering accessible and customisable components.",
        "dom": "link[href*='shadcn-svelte']",
        "icon": "ShadCnSvelte.svg",
        "website": "https://www.shadcn-svelte.com"
    },
    "shadcn/ui": {
        "cats": [
            66
        ],
        "description": "shadcn/ui is a component system built with Radix UI and Tailwind CSS.",
        "icon": "shadcn-ui.svg",
        "website": "https://ui.shadcn.com"
    },
    "siimple": {
        "cats": [
            66
        ],
        "description": "siimple is a minimal CSS toolkit for building flat, clean and responsive web designs.",
        "dom": {
            "link[href*='siimple.min.css']": {
                "attributes": {
                    "href": "/npm/siimple@([\\d\\.]+)/dist/siimple\\.min\\.css\\;version:\\1"
                }
            }
        },
        "icon": "siimple.svg",
        "website": "https://siimple.xyz"
    },
    "simploCMS": {
        "cats": [
            1
        ],
        "cookies": {
            "simplocms_session": ""
        },
        "description": "simploCMS is a CMS utilized by a Czech team across various project types, including ecommerce development, web applications, and corporate website projects.",
        "icon": "simploCMS.svg",
        "meta": {
            "generator": "^simploCMS;"
        },
        "website": "https://www.simplo.cz/co-umime/"
    },
    "styled-components": {
        "cats": [
            12,
            47
        ],
        "description": "Styled components is a CSS-in-JS styling framework that uses tagged template literals in JavaScript.",
        "dom": {
            "[sc-component-id]": {
                "text": ""
            },
            "style[data-styled-version]": {
                "attributes": {
                    "data-styled-version": "(^.+$)\\;version:\\1"
                }
            },
            "style[data-styled], style[data-styled-components], [sc-component-id]": {
                "text": ""
            }
        },
        "icon": "styled-components.svg",
        "js": {
            "styled": ""
        },
        "website": "https://styled-components.com"
    }
}