{
  "F5 BigIP": {
    "cats": [
      64
    ],
    "cookies": {
      "F5_HT_shrinked": "",
      "F5_ST": "",
      "F5_fullWT": "",
      "LastMRH_Session": "",
      "MRHSHint": "",
      "MRHSequence": "",
      "MRHSession": "",
      "TIN": ""
    },
    "cpe": "cpe:2.3:a:f5:big-ip:*:*:*:*:*:*:*:*",
    "description": "F5's BIG-IP is a family of products covering software and hardware designed around application availability, access control, and security solutions.",
    "headers": {
      "server": "^big-?ip$"
    },
    "icon": "F5.svg",
    "website": "https://www.f5.com/products/big-ip-services"
  },
  "FAST ESP": {
    "cats": [
      29
    ],
    "description": "FAST ESP is a service-oriented architecture development platform which is geared towards production searchable indexes. It provided a flexible framework for creating ETL applications for efficient indexing of searchable content.",
    "dom": "form[id^='fastsearch']",
    "icon": "FAST ESP.png",
    "website": "https://microsoft.com/enterprisesearch"
  },
  "FAST Search for SharePoint": {
    "cats": [
      29
    ],
    "description": "FAST Search for SharePoint is the search engine for Microsoft's SharePoint collaboration platform. Its purpose is helping SharePoint users locate and retrieve stored enterprise content.",
    "dom": "input[name*='ParametricSearch']",
    "icon": "FAST Search for SharePoint.png",
    "implies": [
      "Microsoft SharePoint",
      "Microsoft ASP.NET"
    ],
    "url": "Pages/SearchResults\\.aspx\\?k=",
    "website": "https://sharepoint.microsoft.com/en-us/product/capabilities/search/Pages/Fast-Search.aspx"
  },
  "FC2 Analyzer": {
    "cats": [
      10
    ],
    "description": "FC2 Analyzer is a platform designed to track and analyze affiliate system performance, providing insights into traffic, conversions, and revenue metrics.",
    "icon": "FC2Analyzer.svg",
    "saas": true,
    "scriptSrc": "\\.fc2\\.com/",
    "website": "https://fc2.com"
  },
  "FMG Suite": {
    "cats": [
      32
    ],
    "description": "FMG Suite is an automated content marketing system for financial advisors.",
    "icon": "FMGSuite.svg",
    "js": {
      "FMG.EbookBGType": "",
      "fmgjQuery.Animation": ""
    },
    "meta": {
      "generator": "^FMG Suite$"
    },
    "pricing": [
      "mid",
      "recurring"
    ],
    "requires": "jQuery",
    "saas": true,
    "website": "https://fmgsuite.com"
  },
  "FUDforum": {
    "cats": [
      2
    ],
    "cpe": "cpe:2.3:a:fudforum:fudforum:*:*:*:*:*:*:*:*",
    "description": "FUDforum is a discussion forum software with support for posts, topics, polls and attachments.",
    "icon": "default.svg",
    "implies": [
      "Perl",
      "PHP"
    ],
    "js": {
      "fud_msg_focus": "",
      "fud_tree_msg_focus": ""
    },
    "oss": true,
    "website": "https://github.com/fudforum/FUDforum"
  },
  "Fabric": {
    "cats": [
      6
    ],
    "description": "Fabric is a headless commerce platform helping direct-to-consumer and B2B brands utilize an ecommerce platform designed for their needs.",
    "dom": "img[data-src*='fabric.imgix.net/']",
    "icon": "Fabric.svg",
    "meta": {
      "powered-by": "FabricInc"
    },
    "pricing": [
      "poa"
    ],
    "saas": true,
    "website": "https://fabric.inc"
  },
  "Facebook Ads": {
    "cats": [
      36
    ],
    "description": "Facebook Ads is an online advertising platform developed by Facebook.",
    "icon": "Facebook.svg",
    "pricing": [
      "payg"
    ],
    "saas": true,
    "website": "https://www.facebook.com/business/ads"
  },
  "Facebook Chat Plugin": {
    "cats": [
      52
    ],
    "description": "Facebook Chat Plugin is a website plugin that businesses with a Facebook Page can install on their website.",
    "dom": {
      "iframe[src*='.facebook.com/']": {
        "attributes": {
          "src": "\\.facebook\\.com/v([\\d\\.]+)/plugins/customerchat\\;version:\\1"
        }
      }
    },
    "icon": "Facebook.svg",
    "js": {
      "facebookChatSettings": ""
    },
    "scriptSrc": "connect\\.facebook\\.net/.+\\.customerchat\\.js",
    "website": "https://developers.facebook.com/docs/messenger-platform/discovery/facebook-chat-plugin/"
  },
  "Facebook Login": {
    "cats": [
      69
    ],
    "description": "Facebook Login is a way for people to create accounts and log into your app across multiple platforms.",
    "icon": "Facebook.svg",
    "js": {
      "FB.getLoginStatus": ""
    },
    "website": "https://developers.facebook.com/docs/facebook-login/"
  },
  "Facebook Pay": {
    "cats": [
      41
    ],
    "description": "Facebook pay is a payment solution which can be used on any site or app outside Facebook ecosystem.",
    "dom": [
      "[aria-labelledby='pi-facebook_pay']"
    ],
    "icon": "Facebook.svg",
    "website": "https://pay.facebook.com/"
  },
  "Facebook Pixel": {
    "cats": [
      10
    ],
    "description": "Facebook pixel is an analytics tool that allows you to measure the effectiveness of your advertising.",
    "dom": "img[src*='facebook.com/tr']",
    "icon": "Facebook.svg",
    "js": {
      "_fbp": "",
      "_fbq": ""
    },
    "scriptSrc": [
      "connect\\.facebook.\\w+/signals/config/\\d+\\?v=([\\d\\.]+)\\;version:\\1",
      "connect\\.facebook\\.\\w+/.+/fbevents\\.js"
    ],
    "website": "https://facebook.com"
  },
  "Facebook Pixel Advanced Matching": {
    "cats": [
      42
    ],
    "description": "Facebook Pixel Advanced Matching is a feature that allows the optimization of Meta ads by sending hashed customer information with Meta Pixel events, aiding in improved conversion attribution and broader audience reach.",
    "icon": "Meta.svg",
    "implies": "Facebook Pixel",
    "website": "https://www.facebook.com/business/help/611774685654668?id=1205376682832142",
    "xhr": [
      "facebook\\.com/tr/",
      "udff\\[em\\]=[a-fA-F0-9]{64}",
      "udff\\[.+\\]=[a-fA-F0-9]+"
    ]
  },
  "Facil-iti": {
    "cats": [
      68
    ],
    "description": "Facil-iti is a web accessibility overlay which provides support for some people with disabilities and seniors.",
    "icon": "Facil-iti.svg",
    "scriptSrc": "ws\\.facil-iti\\.com/tag/faciliti-tag\\.min\\.js",
    "website": "https://www.facil-iti.com/"
  },
  "Fact Finder": {
    "cats": [
      29
    ],
    "description": "Fact Finder is a platform which, combines search, navigation, and merchandising solutions to streamline online search and power sales.",
    "icon": "FactFinder.svg",
    "js": {
      "FactFinderInit": "",
      "factfinder": "",
      "factfinder.version": "^([\\d\\.])$\\;version:\\1"
    },
    "scriptSrc": "Suggest\\.ff",
    "url": "(?:/ViewParametricSearch|ffsuggest\\.[a-z]htm)",
    "website": "https://fact-finder.com"
  },
  "FalguniThemes Nisarg": {
    "cats": [
      80
    ],
    "description": "FalguniThemes Nisarg is a new fully responsive and translation ready WordPress theme.",
    "icon": "FalguniThemes.png",
    "js": {
      "nisargpro_script_vars": ""
    },
    "pricing": [
      "freemium",
      "onetime"
    ],
    "requires": "WordPress",
    "scriptSrc": "/wp-content/themes/nisarg(?:pro)?/",
    "website": "https://www.falgunithemes.com/downloads/nisarg"
  },
  "FameThemes OnePress": {
    "cats": [
      80
    ],
    "description": "FameThemes OnePress is a free portfolio one page WordPress theme suited for an individual or digital agency.",
    "icon": "FameThemes.svg",
    "js": {
      "OnePress_Plus": "",
      "onepressIsMobile": "",
      "onepress_js_settings": ""
    },
    "pricing": [
      "freemium"
    ],
    "requires": "WordPress",
    "website": "https://www.famethemes.com/themes/onepress"
  },
  "FameThemes Screenr": {
    "cats": [
      80
    ],
    "description": "FameThemes Screenr is a fullscreen parallax WordPress theme suited for business, portfolio, digital agency, freelancers.",
    "icon": "FameThemes.svg",
    "js": {
      "Screenr.autoplay": "",
      "Screenr_Plus": ""
    },
    "requires": "WordPress",
    "website": "https://www.famethemes.com/themes/screenr"
  },
  "Famewall": {
    "cats": [
      90
    ],
    "description": "Famewall is a tool that converts social media mentions into visually appealing testimonials and automates the process of collecting them from customers using a custom collection feature.",
    "icon": "Famewall.svg",
    "pricing": [
      "freemium",
      "low",
      "recurring",
      "poa"
    ],
    "saas": true,
    "scriptSrc": "embed\\.famewall\\.io/",
    "website": "https://famewall.io"
  },
  "Famly": {
    "cats": [
      21
    ],
    "description": "Famly is a digital platform enabling early educators and families to collaborate, share responsibilities, and support child development.",
    "icon": "Famly.svg",
    "pricing": [
      "mid",
      "recurring",
      "poa"
    ],
    "saas": true,
    "scripts": "app\\.famly\\.co",
    "website": "https://www.famly.co"
  },
  "FancyBox": {
    "cats": [
      59
    ],
    "description": "FancyBox is a tool for displaying images, html content and multi-media in a Mac-style 'lightbox' that floats overtop of web page.",
    "icon": "FancyBox.svg",
    "implies": "jQuery",
    "js": {
      "$.fancybox.version": "^(.+)$\\;version:\\1",
      "Fancybox.version": "^(.+)$\\;version:\\1",
      "jQuery.fancybox.version": "^(.+)$\\;version:\\1"
    },
    "scriptSrc": "jquery\\.fancybox(?:\\.pack|\\.min)?\\.js(?:\\?v=([\\d.]+))?$\\;version:\\1",
    "website": "https://fancyapps.com/fancybox"
  },
  "Fanplayr": {
    "cats": [
      76
    ],
    "description": "Fanplayr is a real-time insights platform that provides website optimisation and personalisation solutions for businesses.",
    "dom": "link[href*='cdn.fanplayr.com']",
    "icon": "Fanplayr.svg",
    "js": {
      "fanplayr.platform.version": "^([\\d\\.]+)$\\;version:\\1"
    },
    "pricing": [
      "mid",
      "recurring"
    ],
    "saas": true,
    "scriptSrc": "cdn\\.fanplayr\\.com/.+/([\\d\\.]+)\\;version:\\1",
    "website": "https://fanplayr.com"
  },
  "FarCry": {
    "cats": [
      18
    ],
    "cookies": {
      "FARCRYDEVICETYPE": ""
    },
    "description": "FarCry is a web application framework that helps CFML developers build tailor-made content solutions.",
    "icon": "FarCry.svg",
    "js": {
      "farcryForgotPassword": "",
      "farcryLogin": ""
    },
    "oss": true,
    "website": "https://www.farcrycore.org"
  },
  "FareHarbor": {
    "cats": [
      5,
      72
    ],
    "description": "FareHarbor is an booking and schedule management solution intended for tour and activity companies.",
    "dom": "iframe[src*='fareharbor']",
    "icon": "FareHarbor.svg",
    "pricing": [
      "poa"
    ],
    "saas": true,
    "scriptSrc": "fareharbor\\.com/embeds/api/",
    "website": "https://fareharbor.com"
  },
  "Fast Bundle": {
    "cats": [
      100
    ],
    "description": "Fast Bundle gives you the ability to create product bundle offers with discounts.",
    "icon": "Fast Bundle.svg",
    "implies": "Shopify",
    "js": {
      "FastBundleConf.bundleBox": "",
      "FastBundleConf.cartInfo.app_version": "v([\\d\\.]+)\\;version:\\1"
    },
    "pricing": [
      "freemium",
      "recurring",
      "low"
    ],
    "saas": true,
    "scriptSrc": "api\\.fastbundle\\.co/",
    "website": "https://fastbundle.co"
  },
  "Fast Checkout": {
    "cats": [
      6
    ],
    "description": "Fast Checkout is a one-click purchases for buyers without requiring a password to log in.",
    "icon": "Fast Checkout.svg",
    "js": {
      "FAST_VERSION": "([\\d\\.]+)\\;version:\\1",
      "Fast.Events": ""
    },
    "pricing": [
      "payg"
    ],
    "saas": true,
    "scriptSrc": "js\\.fast\\.co/",
    "website": "https://www.fast.co"
  },
  "FastAPI": {
    "cats": [
      18
    ],
    "description": "FastAPI is a web framework for building APIs with Python, utilizing standard Python type hints.",
    "dom": "link[href*='fastapi.tiangolo.com'][rel='shortcut icon']",
    "icon": "FastAPI.svg",
    "implies": "Python",
    "website": "https://fastapi.tiangolo.com"
  },
  "FastComet": {
    "cats": [
      88
    ],
    "description": "FastComet is a hosting service company from San Francisco, California.",
    "dns": {
      "SOA": "\\.fcomet\\.com"
    },
    "icon": "FastComet.svg",
    "pricing": [
      "recurring",
      "payg"
    ],
    "website": "https://www.fastcomet.com"
  },
  "FastSpring": {
    "cats": [
      6,
      41
    ],
    "description": "FastSpring is a digital ecommerce platform that helps software and SaaS companies manage payments, subscriptions, tax compliance, and fraud prevention globally.",
    "dom": "form[action*='sites.fastspring.com']",
    "icon": "FastSpring.svg",
    "js": {
      "fastspring": "",
      "fastspringAfterMarkupCallback": ""
    },
    "pricing": [
      "payg"
    ],
    "saas": true,
    "website": "https://fastspring.com"
  },
  "FastTony": {
    "cats": [
      36
    ],
    "description": "FastTony is an application that facilitates promotion and sales through Facebook and Instagram.",
    "icon": "FastTony.svg",
    "pricing": [
      "low",
      "recurring",
      "poa"
    ],
    "saas": true,
    "scriptSrc": "\\.fasttony\\.(?:es|com)/",
    "website": "https://fasttony.com"
  },
  "Fastbase": {
    "cats": [
      10
    ],
    "description": "Fastbase is a web analytics tool that identifies visitors' real company names and the individuals associated with them, aiding in targeted marketing and lead generation.",
    "icon": "Fastbase.svg",
    "pricing": [
      "freemium",
      "mid",
      "recurring"
    ],
    "saas": true,
    "scriptSrc": "fastbase\\.com/",
    "website": "https://www.fastbase.com"
  },
  "Fastcommerce": {
    "cats": [
      6
    ],
    "description": "Fastcommerce is an ecommerce platform that offers tools and solutions for businesses to create and manage online stores in Brazil.",
    "icon": "Fastcommerce.svg",
    "meta": {
      "generator": "^Fastcommerce"
    },
    "pricing": [
      "freemium",
      "low",
      "recurring"
    ],
    "saas": true,
    "website": "https://www.fastcommerce.com.br"
  },
  "Fasterize": {
    "cats": [
      92
    ],
    "description": "Fasterize is a website accelerator service.",
    "icon": "Fasterize.svg",
    "js": {
      "fstrz": ""
    },
    "website": "https://www.fasterize.com/"
  },
  "Fastly": {
    "cats": [
      31
    ],
    "description": "Fastly is a cloud computing services provider. Fastly's cloud platform provides a content delivery network, Internet security services, load balancing, and video & streaming services.",
    "headers": {
      "Fastly-Debug-Digest": "",
      "Vary": "Fastly-SSL",
      "X-Fastly-Request-ID": "",
      "server": "Fastly",
      "x-fastly-origin": "",
      "x-fastly-request-id": "",
      "x-via-fastly:": ""
    },
    "icon": "Fastly.svg",
    "pricing": [
      "payg"
    ],
    "website": "https://www.fastly.com",
    "xhr": "\\.fastly\\.net"
  },
  "Fastmind": {
    "cats": [
      52
    ],
    "description": "Fastmind is an AI-powered chatbot builder that enables customer engagement using live data retrieved directly from a search engine.",
    "icon": "Fastmind.svg",
    "pricing": [
      "low",
      "recurring",
      "poa"
    ],
    "saas": true,
    "scriptSrc": "cdn\\.fastmind\\.ai/",
    "website": "https://fastmind.ai"
  },
  "Fat Zebra": {
    "cats": [
      41
    ],
    "description": "Fat Zebra provides a process of accepting credit card payments online.",
    "dom": "iframe[src*='paynow.pmnts.io'], form[action*='paynow.pmnts.io'], iframe[src*='FatZebraFrame']",
    "icon": "fatzebra.svg",
    "scriptSrc": "paynow\\.pmnts\\.io",
    "website": "https://www.fatzebra.com/"
  },
  "Fat-Free Framework": {
    "cats": [
      18
    ],
    "cpe": "cpe:2.3:a:fatfreeframework:fat-free_framework:*:*:*:*:*:*:*:*",
    "description": "Fat-Free Framework (F3) is a lightweight PHP micro-framework that enables rapid development of dynamic web applications with built-in features like URL routing, caching, multilingual support, and database integration for high performance.",
    "headers": {
      "X-Powered-By": "^Fat-Free Framework$"
    },
    "icon": "Fat-Free Framework.svg",
    "implies": "PHP",
    "oss": true,
    "website": "https://fatfreeframework.com"
  },
  "FatherShops": {
    "cats": [
      6
    ],
    "description": "FatherShops is an ecommerce platform.",
    "excludes": "OpenCart",
    "icon": "FatherShops.svg",
    "pricing": [
      "poa"
    ],
    "saas": true,
    "scriptSrc": "fathershop/view/theme/fs/",
    "website": "https://fathershops.com"
  },
  "Fathom": {
    "cats": [
      10
    ],
    "description": "Fathom is easy-yet-powerful website analytics that protects digital privacy.",
    "icon": "Fathom.svg",
    "js": {
      "fathom.blockTrackingForMe": ""
    },
    "pricing": [
      "low",
      "recurring"
    ],
    "saas": true,
    "scriptSrc": "cdn\\.usefathom\\.com/",
    "website": "https://usefathom.com"
  },
  "Faveo": {
    "cats": [
      13
    ],
    "description": "Faveo is an open source help desk system and ticket management tool that enables tracking, assignment, and resolution of support tickets.",
    "icon": "Faveo.svg",
    "pricing": [
      "freemium",
      "onetime",
      "mid",
      "recurring",
      "poa"
    ],
    "requires": "jQuery",
    "saas": true,
    "scriptSrc": "/lb-faveo/js/",
    "website": "https://www.faveohelpdesk.com"
  },
  "FeatherX": {
    "cats": [
      90
    ],
    "description": "FeatherX captures content from all major reviews and social media channels.",
    "icon": "FeatherX.svg",
    "js": {
      "featherx.clientId": ""
    },
    "pricing": [
      "poa"
    ],
    "saas": true,
    "website": "https://featherx.ai"
  },
  "Feathr": {
    "cats": [
      32
    ],
    "description": "Feathr is a suite of digital marketing tools designed specifically for event organizers, facilitating targeted outreach and audience engagement.",
    "icon": "Feathr.svg",
    "js": {
      "FeathrBoomerang.version": "([\\d.]+)\\;version:\\1"
    },
    "pricing": [
      "poa"
    ],
    "saas": true,
    "scriptSrc": "cdn\\.feathr\\.co/",
    "website": "https://www.feathr.co"
  },
  "Featurebase": {
    "cats": [
      85
    ],
    "description": "Featurebase is feature management software designed to collect, organise, and analyse product feedback, empowering teams to make data-driven decisions for building products that align with customer preferences.",
    "dom": "meta[http-equiv*='Content-Security-Policy'][content*='//featurebase.app']",
    "icon": "Featurebase.svg",
    "pricing": [
      "freemium",
      "low",
      "recurring"
    ],
    "saas": true,
    "website": "https://www.featurebase.app"
  },
  "FedEx": {
    "cats": [
      99
    ],
    "description": "FedEx is an American multinational company which focuses on transportation, ecommerce and business services.",
    "icon": "FedEx.svg",
    "requiresCategory": 6,
    "text": [
      "\\bFedEx\\b"
    ],
    "website": "https://www.fedex.com"
  },
  "Fedora": {
    "cats": [
      28
    ],
    "cpe": "cpe:2.3:o:fedoraproject:fedora:*:*:*:*:*:*:*:*",
    "description": "Fedora is a free open-source Linux-based operating system.",
    "headers": {
      "Server": "Fedora"
    },
    "icon": "Fedora.svg",
    "website": "https://fedoraproject.org"
  },
  "FeedSpring": {
    "cats": [
      5
    ],
    "description": "FeedSpring is a platform that creates visually appealing social media feeds for websites.",
    "icon": "FeedSpring.svg",
    "pricing": [
      "freemium",
      "low",
      "recurring"
    ],
    "saas": true,
    "scriptSrc": "scripts\\.feedspring\\.co/",
    "website": "https://www.feedspring.com"
  },
  "Feedback Fish": {
    "cats": [
      13
    ],
    "description": "Feedback Fish is a widget for collecting website feedback from users.",
    "icon": "feedback-fish.svg",
    "scriptSrc": "^https://feedback\\.fish/ff\\.js",
    "website": "https://feedback.fish"
  },
  "FeederNinja": {
    "cats": [
      5
    ],
    "description": "FeederNinja is a tool that allows users to create customizable RSS and social media feed widgets for embedding on websites.",
    "saas": true,
    "scriptSrc": "\\.feederninja\\.com/",
    "website": "https://www.feederninja.com"
  },
  "Feefo": {
    "cats": [
      90
    ],
    "description": "Feefo is a cloud-based consumer review and rating management software.",
    "dom": "a[href*='.feefo.com/'][target='_blank'], link[href*='.feefo.com/'], img[src*='.feefo.com/']",
    "icon": "Feefo.svg",
    "js": {
      "feefoTracker": "",
      "feefoWidget": ""
    },
    "pricing": [
      "mid",
      "recurring"
    ],
    "saas": true,
    "scriptSrc": "\\.feefo\\.com/",
    "website": "https://www.feefo.com"
  },
  "Fello": {
    "cats": [
      32
    ],
    "description": "Fello is a seller lead generation platform created by agents for agents. It provides modern agents with a lead funnel designed to retain serious sellers.",
    "icon": "Fello.svg",
    "pricing": [
      "poa"
    ],
    "saas": true,
    "scriptSrc": "\\.hifello\\.com/",
    "website": "https://hifello.com"
  },
  "Fenicio": {
    "cats": [
      6
    ],
    "description": "Fenicio is a cloud platform that handles all aspects of ecommerce sales channel operation and management.",
    "icon": "Fenicio.svg",
    "js": {
      "_FN.validadorTelefono": "",
      "fnWishlist.cargarInfoArticulos": "",
      "fneCommerce.miCompraVisto": ""
    },
    "pricing": [
      "mid",
      "recurring",
      "payg"
    ],
    "saas": true,
    "website": "https://fenicio.io"
  },
  "Fera": {
    "cats": [
      90
    ],
    "description": "Fera is a product review and social proof application for ecommerce websites.",
    "icon": "Fera.svg",
    "js": {
      "fera": ""
    },
    "pricing": [
      "low",
      "recurring"
    ],
    "saas": true,
    "scriptSrc": "cdn\\.fera\\.ai",
    "website": "https://fera.ai/"
  },
  "Fera Product Reviews App": {
    "cats": [
      100
    ],
    "description": "Fera Product Reviews App is a product review and social proof app for Shopify.",
    "icon": "Fera.svg",
    "implies": [
      "Shopify",
      "Fera"
    ],
    "js": {
      "feraJsUrl": "cdn\\.fera\\.ai/js/fera\\.js.+\\.myshopify\\.com"
    },
    "pricing": [
      "low",
      "freemium",
      "recurring"
    ],
    "saas": true,
    "website": "https://apps.shopify.com/fera"
  },
  "Ferret One": {
    "cats": [
      51
    ],
    "description": "Ferret One is a personal website builder tool developed in Asia.",
    "icon": "FerretOne.svg",
    "pricing": [
      "poa"
    ],
    "saas": true,
    "scripts": "ferret-one",
    "website": "https://ferret-one.com"
  },
  "Fever": {
    "cats": [
      104
    ],
    "description": "Fever is a digital platform facilitating the discovery and booking of top events and experiences worldwide.",
    "icon": "Fever.svg",
    "saas": true,
    "scripts": "feverup\\.com",
    "website": "https://feverup.com"
  },
  "FiboSearch": {
    "cats": [
      29
    ],
    "description": "FiboSearch is a WooCommerce product search plugin, formerly known as AJAX Search.",
    "icon": "FiboSearch.svg",
    "js": {
      "dgwt_wcas.ajax_search_endpoint": ""
    },
    "pricing": [
      "onetime",
      "low",
      "recurring"
    ],
    "requires": "WooCommerce",
    "saas": true,
    "website": "https://fibosearch.com"
  },
  "Filamentphp": {
    "cats": [
      47
    ],
    "description": "Filamentphp is a set of full-stack components designed to serve as a foundational starting point for developing applications.",
    "icon": "Filament.svg",
    "js": {
      "FilamentNotification": "",
      "filamentData": "",
      "webpackChunkfilament": ""
    },
    "saas": true,
    "website": "https://filamentphp.com"
  },
  "FilePond": {
    "cats": [
      59
    ],
    "description": "FilePond is a JavaScript library for file uploads.",
    "icon": "filepond.svg",
    "js": {
      "FilePond": "",
      "FilePond.create": "",
      "FilePond.setOptions": ""
    },
    "scriptSrc": "filepond.js",
    "website": "https://pqina.nl/filepond/"
  },
  "Finalsite": {
    "cats": [
      1
    ],
    "description": "Finalsite is a web design and software for schools.",
    "dom": "div[id*='fsPoweredByFinalsite']",
    "icon": "Finalsite.svg",
    "saas": true,
    "website": "https://www.finalsite.com/school-websites"
  },
  "Finalytics": {
    "cats": [
      10
    ],
    "description": "Finalytics is a platform that uses data and analytics to transform customer experience.",
    "icon": "Finalytics.svg",
    "js": {
      "finalytics.accountSummaryParser": ""
    },
    "saas": true,
    "website": "https://finalytics.ai"
  },
  "FinanceAds": {
    "cats": [
      71
    ],
    "description": "FinanceAds is a performance marketing agency that has grown affiliate network for the financial sector.",
    "dom": "link[href*='js.financeads.net'], link[href*='js.financeads.com'], a[href*='www.financeads.net/tc.php']",
    "icon": "Financeads.svg",
    "pricing": [
      "payg"
    ],
    "saas": true,
    "website": "https://www.financeads.com"
  },
  "FindGore": {
    "cats": [
      10
    ],
    "description": "FindGore is a conversion rate improvement analytics tool designed to help businesses optimise their websites by analysing user behaviour and identifying areas for enhancement to increase conversion rates.",
    "icon": "FindGore.svg",
    "pricing": [
      "poa"
    ],
    "saas": true,
    "scriptSrc": "api\\.findgore\\.com/",
    "website": "https://www.findgore.com"
  },
  "Findbar": {
    "cats": [
      29
    ],
    "description": "Findbar specializes in advanced on-site search technology, enhancing user engagement and improving the overall user experience on websites and applications.",
    "icon": "Findbar.svg",
    "js": {
      "Findbar": "",
      "findbarScriptLoaded": ""
    },
    "pricing": [
      "mid",
      "recurring"
    ],
    "saas": true,
    "website": "https://findbar.io"
  },
  "Findberry": {
    "cats": [
      29
    ],
    "description": "Findberry is an internal site search service designed for web developers and site owners looking to integrate a professional, ad-free search engine into their websites.",
    "icon": "Findberry.svg",
    "js": {
      "jQuery_Findberry": ""
    },
    "pricing": [
      "freemium",
      "low",
      "recurring"
    ],
    "requires": "jQuery",
    "saas": true,
    "scriptSrc": "\\.findberry\\.com/",
    "website": "https://www.findberry.com"
  },
  "Findify": {
    "cats": [
      29,
      76
    ],
    "description": "Findify is an intelligent ecommerce search, navigation and personalisation solution.",
    "icon": "Findify.svg",
    "js": {
      "FindifyAnalytics": "",
      "findify": ""
    },
    "pricing": [
      "mid",
      "recurring"
    ],
    "saas": true,
    "scriptSrc": "@findify/bundle@([\\d.]+)/dist/.+\\.js\\;version:\\1",
    "website": "https://www.findify.io"
  },
  "Findmeashoe": {
    "cats": [
      76
    ],
    "description": "Findmeashoe is a footwear recommendation portal that aims to improve shopping efficiency and experience of footwear shoppers.",
    "icon": "Findmeashoe.png",
    "js": {
      "FmasJavaScript": "",
      "fmasGenderSizeTextVariantIdCollection": "",
      "fmasUniversalWidgetJsFileName": ""
    },
    "pricing": [
      "poa"
    ],
    "website": "https://findmeashoe.com"
  },
  "Fing": {
    "cats": [
      62
    ],
    "description": "Fing is a cloud service to deploy and manage your applications without being worried about your infrastructure and environment.",
    "headers": {
      "server": "^Fing"
    },
    "icon": "Fing.svg",
    "pricing": [
      "payg"
    ],
    "website": "https://fing.ir"
  },
  "FingerprintJS": {
    "cats": [
      59,
      83
    ],
    "description": "FingerprintJS is a browser fingerprinting library that queries browser attributes and computes a hashed visitor identifier from them.",
    "icon": "FingerprintJS.svg",
    "js": {
      "Fingerprint": "(\\d)?$\\;version:\\1",
      "Fingerprint2": "",
      "Fingerprint2.VERSION": "^(.+)$\\;version:\\1",
      "FingerprintJS": ""
    },
    "oss": true,
    "pricing": [
      "payg"
    ],
    "saas": true,
    "scriptSrc": [
      "fingerprint(?:/fp)?(\\d)?(?:\\.min)?\\.js\\;version:\\1",
      "fingerprintjs(?:\\-pro|2)?(?:@|/)(\\d.*?)?/\\;version:\\1"
    ],
    "website": "https://fingerprintjs.com"
  },
  "FintechOS": {
    "cats": [
      58
    ],
    "description": "FintechOS is a low-code platform for banking and insurance.",
    "icon": "FintechOS.svg",
    "js": {
      "FtosChat": "",
      "ftos.core.getB2CCulture": ""
    },
    "meta": {
      "ftos-app-version": "\\sv([\\d\\.]+)\\s\\;version:\\1"
    },
    "pricing": [
      "poa"
    ],
    "website": "https://fintechos.com"
  },
  "FireApps Ali Reviews": {
    "cats": [
      100,
      90
    ],
    "description": "FireApps Ali Reviews is an all-in-one solution that helps to collect, showcase, and manage impactful reviews.",
    "icon": "FireApps.svg",
    "pricing": [
      "freemium",
      "low",
      "recurring"
    ],
    "requires": "Shopify",
    "saas": true,
    "scriptSrc": "//alireviews\\.fireapps\\.io/",
    "website": "https://apps.shopify.com/ali-reviews"
  },
  "Firebase": {
    "cats": [
      34,
      47
    ],
    "cpe": "cpe:2.3:a:google:firebase_cloud_messaging:*:*:*:*:*:*:*:*",
    "description": "Firebase is a Google-backed application development software that enables developers to develop iOS, Android and Web apps.",
    "dom": "iframe[src*='.firebaseapp.com/']",
    "headers": {
      "vary": "x-fh-requested-host"
    },
    "icon": "Firebase.svg",
    "js": {
      "firebase.SDK_VERSION": "([\\d.]+)$\\;version:\\1"
    },
    "pricing": [
      "freemium",
      "payg"
    ],
    "scriptSrc": [
      "/(?:([\\d.]+)/)?firebase(?:\\.min)?\\.js\\;version:\\1",
      "/firebasejs/([\\d.]+)/firebase\\;version:\\1"
    ],
    "scripts": [
      "\\.gstatic\\.com/firebasejs/([\\d\\.]+)/\\;version:\\1",
      "firebase(?:Config|io\\.com)"
    ],
    "website": "https://firebase.google.com"
  },
  "Fireblade": {
    "cats": [
      31
    ],
    "headers": {
      "Server": "fbs"
    },
    "icon": "Fireblade.png",
    "website": "https://fireblade.com"
  },
  "Firefish Software": {
    "cats": [
      101
    ],
    "description": "Firefish Software is a recruitment CRM for professional recruiters and recruitment agencies.",
    "icon": "FireFish.svg",
    "js": {
      "ffControlSystem": "",
      "firefish": ""
    },
    "pricing": [],
    "saas": true,
    "website": "https://www.firefishsoftware.com"
  },
  "Firepush": {
    "cats": [
      32,
      100
    ],
    "description": "Firepush is an omnichannel marketing app that helps Shopify stores to drive sales with automated web push, email and SMS campaigns.",
    "dom": "link[href*='cdn.firepush.net']",
    "icon": "Firepush.svg",
    "implies": "Shopify",
    "pricing": [
      "low",
      "freemium",
      "recurring"
    ],
    "saas": true,
    "scriptSrc": [
      "cdn\\.firepush\\.\\w+",
      "fpcdn\\.me/.+shopify"
    ],
    "website": "https://getfirepush.com"
  },
  "Fireside": {
    "cats": [
      10,
      38
    ],
    "description": "Fireside is a platform that provides podcast hosting and analytics services.",
    "icon": "Fireside.svg",
    "meta": {
      "author": "^Fireside\\.$",
      "generator": "Fireside ([\\d\\.]+)\\;version:\\1"
    },
    "pricing": [
      "low",
      "recurring"
    ],
    "saas": true,
    "scriptSrc": "a\\.fireside\\.fm/",
    "website": "https://fireside.fm"
  },
  "Firework": {
    "cats": [
      103
    ],
    "description": "Firework is a video commerce solution for brands, retailers, and publishers, enhancing digital storefronts with interactive livestream and shoppable video features.",
    "icon": "Firework.svg",
    "js": {
      "_fwn": "",
      "_fwnPerformance": "",
      "fwnPolyfillPromise": ""
    },
    "pricing": [
      "freemium",
      "mid",
      "recurring",
      "poa"
    ],
    "saas": true,
    "website": "https://firework.com"
  },
  "FirstHive": {
    "cats": [
      97
    ],
    "description": "FirstHive is a full-stack customer data platform that enables consumer marketers and brands to take control of their first-party data from all sources.",
    "icon": "FirstHive.svg",
    "pricing": [
      "mid",
      "recurring"
    ],
    "saas": true,
    "scriptSrc": "firsthive\\.com/engage/",
    "website": "https://firsthive.com"
  },
  "FirstImpression.io": {
    "cats": [
      36
    ],
    "description": "FirstImpression.io is a customized ad placements for publisher websites on their platform, with zero technical work.",
    "icon": "FirstImpression.io.svg",
    "js": {
      "FI.options": "",
      "fiPrebidAnalyticsHandler": ""
    },
    "scriptSrc": "\\.firstimpression\\.io",
    "website": "https://www.firstimpression.io",
    "xhr": "\\.firstimpression\\.io"
  },
  "FirstPromoter": {
    "cats": [
      71
    ],
    "description": "FirstPromoter is a software platform that helps businesses to create, manage and track their affiliate marketing programs.",
    "dom": "link[href*='//firstpromoter.com/']",
    "icon": "FirstPromoter.svg",
    "js": {
      "FirstPromoterAPI": "",
      "fprom_obj_": ""
    },
    "pricing": [
      "low",
      "recurring"
    ],
    "saas": true,
    "scriptSrc": "cdn\\.firstpromoter\\.com/",
    "website": "https://firstpromoter.com"
  },
  "Fit Analytics": {
    "cats": [
      76
    ],
    "description": "Fit Analytics is a platform that provides clothing size recommendations for online customers by measuring individual dimensions via webcams.",
    "icon": "Fit Analytics.svg",
    "js": {
      "FitAnalyticsWidget": "",
      "_fitAnalytics": ""
    },
    "pricing": [
      "poa"
    ],
    "saas": true,
    "scriptSrc": "\\.fitanalytics\\.com",
    "website": "https://www.fitanalytics.com"
  },
  "Fixel": {
    "cats": [
      77,
      86
    ],
    "description": "Fixel is a remarketing and segmentation campaign builder utilising AI technology.",
    "icon": "Fixel.svg",
    "pricing": [
      "low",
      "recurring",
      "poa"
    ],
    "saas": true,
    "scriptSrc": "script\\.fixel\\.ai/",
    "website": "https://fixel.ai"
  },
  "Flable": {
    "cats": [
      32
    ],
    "description": "Flable is an AI-powered digital marketing platform that unifies marketing data and reduces customer acquisition costs.",
    "icon": "Flable.svg",
    "js": {
      "flable": ""
    },
    "saas": true,
    "scripts": "\\.flable\\.ai",
    "website": "https://flable.ai"
  },
  "FlagSmith": {
    "cats": [
      85
    ],
    "description": "FlagSmith is an open-source, fully supported feature flag & remote configuration solution, which provides hosted API to help deployment to a private cloud or on-premises environment.",
    "icon": "FlagSmith.svg",
    "js": {
      "flagsmith": ""
    },
    "oss": true,
    "pricing": [
      "freemium",
      "low",
      "recurring"
    ],
    "saas": true,
    "scriptSrc": "cdn\\.flagsmith\\.com/",
    "website": "https://flagsmith.com"
  },
  "FlareLane": {
    "cats": [
      53
    ],
    "description": "FlareLane is a customer engagement platform that enables businesses to send personalized notifications through multiple channels such as mobile push, web push, SMS, email, and in-app messaging, with features for automation, A/B testing, and real-time analytics.",
    "icon": "FlareLane.svg",
    "js": {
      "FlareLane": "",
      "flarelane_state": ""
    },
    "pricing": [
      "recurring",
      "payg"
    ],
    "saas": true,
    "website": "https://www.flarelane.com"
  },
  "Flarum": {
    "cats": [
      2
    ],
    "cpe": "cpe:2.3:a:flarum:flarum:*:*:*:*:*:*:*:*",
    "description": "Flarum is a discussion platform.",
    "dom": "div[id*='flarum-loading']",
    "icon": "flarum.svg",
    "implies": [
      "PHP",
      "MySQL"
    ],
    "js": {
      "app.cache.discussionList": "",
      "app.forum.freshness": ""
    },
    "website": "https://flarum.org/"
  },
  "Flask": {
    "cats": [
      18,
      22
    ],
    "cpe": "cpe:2.3:a:palletsprojects:flask:*:*:*:*:*:*:*:*",
    "description": "Flask is a Python micro web framework ideal for rapidly constructing web applications, offering minimalism, flexibility, and modularity.",
    "headers": {
      "Server": "Werkzeug/?([\\d\\.]+)?\\;version:\\1"
    },
    "icon": "Flask.svg",
    "implies": "Python",
    "oss": true,
    "website": "https://github.com/pallets/flask/"
  },
  "Flat UI": {
    "cats": [
      66
    ],
    "dom": "link[href*='flat-ui.css'], link[href*='flat-ui.min.css']",
    "icon": "Flat UI.svg",
    "implies": "Bootstrap",
    "website": "https://designmodo.github.io/Flat-UI/"
  },
  "Flazio": {
    "cats": [
      1,
      51
    ],
    "description": "Flazio is an Italian website builder.",
    "icon": "Flazio.svg",
    "js": {
      "_exaudiflazio": "",
      "flazio_global_conversion": ""
    },
    "pricing": [
      "freemium",
      "mid",
      "recurring"
    ],
    "saas": true,
    "scriptSrc": "//flazio\\.org/",
    "website": "https://flazio.com"
  },
  "Fleeq": {
    "cats": [
      14
    ],
    "cookies": {
      "__FLEEQ": ""
    },
    "description": "Fleeq is a platform facilitating the creation of training videos, followed by tracking, embedding, optimization, localization, and sharing capabilities.",
    "icon": "Fleeq.svg",
    "js": {
      "FleeqSDK": "",
      "FleeqSDKLight": "",
      "_fleeqBarSettings": "",
      "_fleeqData": "",
      "_fleeqWiki": "",
      "fleeqBarConfig": ""
    },
    "pricing": [
      "freemium",
      "poa"
    ],
    "saas": true,
    "website": "https://www.fleeq.io"
  },
  "Fleksa": {
    "cats": [
      93
    ],
    "description": "Fleksa is an online ordering system for restaurants and delivery.",
    "dom": "a[href*='play.google.com/store/apps/details?id=com.fleksa.'][target='_blank']",
    "icon": "Fleksa.svg",
    "implies": [
      "Node.js",
      "Next.js"
    ],
    "pricing": [
      "payg",
      "mid",
      "recurring"
    ],
    "saas": true,
    "website": "https://fleksa.com"
  },
  "FlexCMP": {
    "cats": [
      1
    ],
    "description": "FlexCMP is a content management system (CMS) designed to facilitate the creation, management, and publishing of digital content.",
    "headers": {
      "X-Flex-Lang": "",
      "X-Powered-By": "FlexCMP.+\\[v\\. ([\\d.]+)\\;version:\\1"
    },
    "icon": "FlexCMP.svg",
    "meta": {
      "generator": "^FlexCMP"
    },
    "website": "https://www.flexcmp.com/cms/home"
  },
  "FlexSlider": {
    "cats": [
      5
    ],
    "description": "FlexSlider is a free jQuery slider plugin.",
    "icon": "FlexSlider.png",
    "implies": "jQuery",
    "scriptSrc": [
      "jquery\\.flexslider(?:\\.min)?\\.js$"
    ],
    "website": "https://woocommerce.com/flexslider/"
  },
  "FlexiFunnels": {
    "cats": [
      51
    ],
    "description": "FlexiFunnels is a platform for building high-converting sales funnels, generating leads, and selling products without requiring coding knowledge.",
    "icon": "FlexiFunnels.svg",
    "pricing": [
      "low",
      "recurring"
    ],
    "saas": true,
    "scriptSrc": "\\.flexifunnels\\.com",
    "website": "https://flexifunnels.com"
  },
  "Flexmls": {
    "cats": [
      1
    ],
    "description": "Ecomtrack is a multi-listing CMS system designed for the real estate market, enabling property management and listings.",
    "icon": "Flexmls.svg",
    "js": {
      "flexmls_connect": ""
    },
    "saas": true,
    "scriptSrc": "/plugins/flexmls-idx/",
    "website": "https://flexmls.com"
  },
  "Flickity": {
    "cats": [
      59
    ],
    "description": "Flickity is a JavaScript slider library, built by David DeSandro of Metafizzy fame.",
    "dom": "style[data-context='foundation-flickity-css'], div.flickity-enabled",
    "js": {
      "Flickity": ""
    },
    "oss": true,
    "scriptSrc": "flickity(?:/|@)([\\d\\.]+).+flickity(?:\\.pkgd)?(?:\\.min)?\\.js\\;version:\\1",
    "website": "https://flickity.metafizzy.co"
  },
  "Flip": {
    "cats": [
      101
    ],
    "cookies": {
      "flip_sentry_dsn": ""
    },
    "description": "Flip is an employee app combining top features from popular social media platforms. It enables communication between deskless workers and those with corporate devices, offering chat, newsfeed, shift planning, timesheets, and more.",
    "icon": "Flip.svg",
    "meta": {
      "apple-mobile-web-app-title": "^Flip$"
    },
    "saas": true,
    "website": "https://www.getflip.com"
  },
  "FlipBuilder": {
    "cats": [
      1
    ],
    "cpe": "cpe:2.3:a:flipbuilder:flip_pdf:*:*:*:*:*:*:*:*",
    "description": "FlipBuilder is a tool that enables the batch conversion of standard PDF files into interactive booklets, featuring page flip animations and sound effects.",
    "icon": "FlipBuilder.svg",
    "meta": {
      "Generator": "Flip PDF Professional ([\\d\\.]+) at https?://www\\.flipbuilder\\.com\\;version:\\1"
    },
    "pricing": [
      "freemium",
      "onetime"
    ],
    "saas": true,
    "scriptSrc": "\\.flipbuilder\\.com/",
    "website": "https://www.flipbuilder.com"
  },
  "Flipdish": {
    "cats": [
      93
    ],
    "description": "Flipdish is an all-in-one technology solution designed to streamline restaurant operations.",
    "icon": "Flipdish.svg",
    "pricing": [
      "low",
      "recurring"
    ],
    "saas": true,
    "scriptSrc": "\\.web\\.flipdish\\.com/",
    "website": "https://www.flipdish.com"
  },
  "Flipping Pro CRM": {
    "cats": [
      53
    ],
    "description": "Flipping Pro is an all-in-one real estate marketing CRM offering essential tools to help real estate business owners grow their operations.",
    "icon": "FlippingPro.svg",
    "pricing": [
      "mid",
      "recurring"
    ],
    "saas": true,
    "scripts": "app\\.flippingpro\\.com",
    "website": "https://flippingpro.com"
  },
  "FlippingBook": {
    "cats": [
      5
    ],
    "description": "FlippingBook is a web-based software platform that enables users to create, publish, and share digital publications such as magazines, brochures, catalogs, and presentations.",
    "dom": "a[href*='flippingbook.com/'][target='_blank']",
    "icon": "FlippingBook.svg",
    "js": {
      "__flippingbook_csrf__": ""
    },
    "pricing": [
      "low",
      "recurring",
      "poa"
    ],
    "saas": true,
    "scriptSrc": "online\\.flippingbook\\.com/",
    "website": "https://flippingbook.com"
  },
  "Flipsite": {
    "cats": [
      51
    ],
    "description": "Flipsite is a platform for creating and managing websites.",
    "icon": "Flipsite.svg",
    "meta": {
      "author": "^Made with Flipsite$"
    },
    "pricing": [
      "freemium",
      "low",
      "recurring"
    ],
    "saas": true,
    "website": "https://flipsite.io"
  },
  "Flits": {
    "cats": [
      100
    ],
    "description": "Flits is a customer account pages that get all your shopper data in one place.",
    "icon": "Flits.svg",
    "implies": "Shopify",
    "js": {
      "flitsObjects.accountPage": ""
    },
    "pricing": [
      "low",
      "recurring"
    ],
    "saas": true,
    "website": "https://getflits.com"
  },
  "Floatbot": {
    "cats": [
      52
    ],
    "description": "Floatbot is a conversational AI Platform, facilitating the construction and deployment of voicebot, chatbot, and agent assist functionalities.",
    "dom": "#flb-widget-handle",
    "icon": "Floatbot.svg",
    "js": {
      "flb.base_url": "\\.floatbot\\.ai/",
      "flb.botId ": ""
    },
    "pricing": [
      "freemium",
      "high"
    ],
    "saas": true,
    "scriptSrc": "\\.floatbot\\.ai/",
    "website": "https://floatbot.ai"
  },
  "Flocktory": {
    "cats": [
      94,
      84
    ],
    "description": "Flocktory is a social referral marketing platform that enables users to share personalised offers via social networks.",
    "dom": "iframe[src*='.flocktory.com/']",
    "icon": "Flocktory.svg",
    "js": {
      "flocktory": "",
      "flocktoryPurchase": ""
    },
    "pricing": [
      "poa"
    ],
    "saas": true,
    "scriptSrc": "\\.flocktory\\.com/",
    "website": "https://www.flocktory.com"
  },
  "Flodesk": {
    "cats": [
      32
    ],
    "description": "Flodesk is an email marketing platform that supports campaign creation, scheduling, and performance analysis using automation.",
    "icon": "Flodesk.svg",
    "js": {
      "FlodeskObject": ""
    },
    "pricing": [
      "freemium",
      "low",
      "recurring"
    ],
    "saas": true,
    "website": "https://flodesk.com"
  },
  "Floori": {
    "cats": [
      105
    ],
    "description": "Floori is an online tool designed to help users visualize different types of flooring in their home.",
    "icon": "Floori.svg",
    "js": {
      "webpackChunkfloori": ""
    },
    "pricing": [
      "poa"
    ],
    "saas": true,
    "website": "https://floori.io"
  },
  "Florist Touch": {
    "cats": [
      6
    ],
    "description": "Florist Touch is an all-in-one solution for home, studio, and shop florists, providing tools and resources for floral arrangements and business management.",
    "icon": "FloristTouch.svg",
    "pricing": [
      "low",
      "recurring"
    ],
    "saas": true,
    "scriptSrc": "\\.floristtouch\\.co\\.uk/",
    "website": "https://floristtouch.co.uk/"
  },
  "Flourish": {
    "cats": [
      25
    ],
    "description": "Flourish is a data visualisation and storytelling platform that enables users to create interactive data visualisations, charts, and presentations.",
    "icon": "Flourish.svg",
    "js": {
      "Flourish.environment": "",
      "FlourishConfig": "",
      "FlourishLoaded": "",
      "_Flourish_template_id": ""
    },
    "pricing": [
      "freemium",
      "poa"
    ],
    "website": "https://flourish.studio"
  },
  "Flow": {
    "cats": [
      106
    ],
    "description": "Flow is an ecommerce platform that enables brands and retailers to sell their merchandise to customers internationally by creating localized shopping experiences.",
    "icon": "Flow.png",
    "js": {
      "flow.cart": "",
      "flow.countryPicker": "",
      "flow_cart_localize": ""
    },
    "pricing": [
      "poa"
    ],
    "saas": true,
    "scriptSrc": "(?:shopify-)?cdn\\.flow\\.io/",
    "website": "https://www.flow.io/"
  },
  "FlowTrack": {
    "cats": [
      32
    ],
    "description": "FlowTrack is an app that consolidates multiple services into one platform, enabling websites to attract more visitors and convert them into leads.",
    "icon": "FlowTrack.svg",
    "pricing": [
      "onetime",
      "mid",
      "recurring"
    ],
    "saas": true,
    "scriptSrc": "app\\.flowtrack\\.co/",
    "website": "https://www.flowtrack.co"
  },
  "Flowbite": {
    "cats": [
      66
    ],
    "description": "Flowbite is an open-source library of UI components based on the utility-first Tailwind CSS framework featuring dark mode support, a Figma design system, and more.",
    "icon": "Flowbite.svg",
    "implies": "Tailwind CSS",
    "oss": true,
    "scriptSrc": "/flowbite(?:@([\\d\\.]+)/|\\.bundle\\.js)\\;version:\\1",
    "website": "https://github.com/themesberg/flowbite"
  },
  "Flowbox": {
    "cats": [
      32
    ],
    "description": "Flowbox is a platform designed to enable brands to use social content to grow engagement, drive revenue and sell more across their marketing and commerce channels.",
    "icon": "Flowbox.svg",
    "js": {
      "flowbox": "",
      "flowboxWebpack": ""
    },
    "pricing": [
      "low",
      "recurring"
    ],
    "saas": true,
    "scriptSrc": "\\.getflowbox\\.com/",
    "website": "https://getflowbox.com"
  },
  "Flowplayer": {
    "cats": [
      14
    ],
    "description": "Flowplayer is a scalable, performance-first HTML 5 video player and platform hosting solution for publishers, broadcasters and digital media.",
    "icon": "Flowplayer.svg",
    "js": {
      "flowplayer": "",
      "flowplayer.version": "([\\d\\.]+)\\;version:\\1"
    },
    "pricing": [
      "freemium",
      "low",
      "recurring"
    ],
    "saas": true,
    "website": "https://flowplayer.com"
  },
  "Fluid Player": {
    "cats": [
      14
    ],
    "description": "Fluid Player is an open-source HTML5 video player.",
    "icon": "FluidPlayer.svg",
    "js": {
      "fluidPlayer": "",
      "webpackChunkfluid_player": ""
    },
    "oss": true,
    "pricing": [
      "freemium"
    ],
    "scriptSrc": "cdn\\.fluidplayer\\.com",
    "website": "https://www.fluidplayer.com"
  },
  "Flurry Analytics": {
    "cats": [
      10
    ],
    "cpe": "cpe:2.3:a:flurry:flurry-analytics-android:*:*:*:*:*:*:*:*",
    "description": "Flurry Analytics is a tool that provides basic insights into user behavior and app performance, with the option to set up advanced analytics for a deeper understanding of complex user interactions and events.",
    "icon": "Flurry.svg",
    "saas": true,
    "scriptSrc": "cdn\\.flurry\\.com/",
    "website": "https://www.flurry.com"
  },
  "Flutter": {
    "cats": [
      66
    ],
    "description": "Flutter is an open source framework by Google for building beautiful, natively compiled, multi-platform applications from a single codebase.",
    "icon": "Flutter.svg",
    "implies": "Dart",
    "js": {
      "_flutter.loader": "",
      "_flutter_web_set_location_strategy": "",
      "flutterCanvasKit": ""
    },
    "meta": {
      "id": "^flutterweb-theme$"
    },
    "oss": true,
    "website": "https://flutter.dev"
  },
  "FluxBB": {
    "cats": [
      2
    ],
    "cpe": "cpe:2.3:a:fluxbb:fluxbb:*:*:*:*:*:*:*:*",
    "dom": "p#poweredby > a[href*='//fluxbb.org/']",
    "icon": "FluxBB.png",
    "implies": "PHP",
    "website": "https://fluxbb.org"
  },
  "Fly.io": {
    "cats": [
      62
    ],
    "cookies": {
      "_fly": ""
    },
    "description": "Fly is a platform for running full stack apps and databases.",
    "headers": {
      "fly-request-id": "",
      "server": "^Fly/[\\w]+\\s\\(.*\\)$",
      "via": "^.*\\sfly\\.io$"
    },
    "icon": "Fly.io.svg",
    "pricing": [
      "freemium",
      "payg"
    ],
    "website": "https://fly.io"
  },
  "Flying Analytics": {
    "cats": [
      87
    ],
    "description": "Flying Analytics is a performance optimisation plugin for WordPress websites designed to reduce page load times and improve the user experience.",
    "dom": "link[href*='/wp-content/plugins/flying-analytics/']",
    "icon": "default.svg",
    "requires": "WordPress",
    "scriptSrc": "/wp-content/plugins/flying-analytics/",
    "website": "https://wordpress.org/plugins/flying-analytics/"
  },
  "Flying Images": {
    "cats": [
      87
    ],
    "description": "Flying Images is a performance optimisation plugin for WordPress websites designed to reduce page load times and improve the user experience.",
    "icon": "default.svg",
    "js": {
      "flyingImages": ""
    },
    "requires": "WordPress",
    "website": "https://wordpress.org/plugins/nazy-load/"
  },
  "Flying Pages": {
    "cats": [
      87,
      92
    ],
    "description": "Flying Pages is a performance optimisation plugin for WordPress websites designed to reduce page load times and improve the user experience.",
    "dom": "link[href*='/wp-content/plugins/flying-pages/']",
    "icon": "Flying Pages.svg",
    "js": {
      "flyingPages": ""
    },
    "requires": "WordPress",
    "scriptSrc": "/wp-content/plugins/flying-pages/.+\\.js(?:\\?ver=([\\d\\.]+))?\\;version:\\1",
    "website": "https://wordpress.org/plugins/flying-pages/"
  },
  "FlyingPress": {
    "cats": [
      87,
      92
    ],
    "description": "FlyingPress is a WordPress plugin that helps to improve website performance by optimising various aspects of a WordPress site. The plugin offers a range of features, including caching, image optimisation, lazy loading, database optimisation, and more.",
    "dom": "link[href*='/wp-content/plugins/flying-press/']",
    "icon": "FlyingPress.svg",
    "pricing": [
      "low",
      "recurring"
    ],
    "requires": "WordPress",
    "scriptSrc": "/wp-content/plugins/flying-press/",
    "website": "https://flying-press.com"
  },
  "Flyspray": {
    "cats": [
      13
    ],
    "cookies": {
      "flyspray_project": ""
    },
    "dom": "map#projectsearchform",
    "icon": "Flyspray.png",
    "implies": "PHP",
    "website": "https://flyspray.org"
  },
  "Flyvi": {
    "cats": [
      66
    ],
    "description": "Flyvi is a platform that generates visually engaging graphics optimized for social media.",
    "icon": "Flyvi.svg",
    "pricing": [
      "freemium",
      "low",
      "recurring"
    ],
    "saas": true,
    "scriptSrc": "widget\\.flyvi\\.io/",
    "website": "https://flyvi.io"
  },
  "Flywheel": {
    "cats": [
      62,
      88
    ],
    "headers": {
      "x-fw-hash": "",
      "x-fw-serve": "",
      "x-fw-server": "^Flywheel(?:/([\\d.]+))?\\;version:\\1",
      "x-fw-static": "",
      "x-fw-type": ""
    },
    "icon": "flywheel.svg",
    "implies": "WordPress",
    "website": "https://getflywheel.com"
  },
  "Foleon": {
    "cats": [
      96
    ],
    "description": "Foleon is a content creation platform designed for business teams to produce engaging and intelligent content experiences at scale.",
    "icon": "Foleon.svg",
    "js": {
      "foleon": ""
    },
    "pricing": [
      "poa"
    ],
    "saas": true,
    "website": "https://www.foleon.com"
  },
  "Fomo": {
    "cats": [
      32
    ],
    "description": "Fomo is a social proof marketing platform.",
    "icon": "Fomo.svg",
    "js": {
      "fomo.version": "(.+)\\;version:\\1"
    },
    "pricing": [
      "low",
      "recurring"
    ],
    "saas": true,
    "scriptSrc": "fomo\\.com/api/v",
    "website": "https://fomo.com"
  },
  "Fondue": {
    "cats": [
      84
    ],
    "description": "Fondue is a platform that helps businesses drive profitable growth by ditching discount codes and giving cash back instead.",
    "icon": "Fondue.svg",
    "js": {
      "Fondue": ""
    },
    "pricing": [
      "mid",
      "recurring"
    ],
    "saas": true,
    "scriptSrc": "public\\.getfondue\\.com/",
    "website": "https://www.getfondue.com"
  },
  "Font Awesome": {
    "cats": [
      17
    ],
    "description": "Font Awesome is a font and icon toolkit based on CSS and Less.",
    "dom": {
      "link[href*='awesome']": {
        "attributes": {
          "href": "(?:([\\d\\.]+)/)?(?:css/)?font-awesome(?:\\.min)?\\.css\\;version:\\1"
        }
      },
      "link[href*='font-awesome']": {
        "attributes": {
          "href": "/font-awesome/([\\d\\.]+)/css/\\;version:\\1"
        }
      },
      "link[href*='fontawesome-free']": {
        "attributes": {
          "href": "/fontawesome-free(?:/|-)([\\d\\.]+)?\\;version:\\1"
        }
      },
      "link[href*='kit-pro.fontawesome.com']": {
        "attributes": {
          "href": "/kit-pro\\.fontawesome\\.com/releases/v([\\d\\.]+)/\\;version:\\1"
        }
      }
    },
    "icon": "Font Awesome.svg",
    "js": {
      "FontAwesomeCdnConfig": "",
      "FontAwesomeKitConfig.asyncLoading": "",
      "___FONT_AWESOME___": ""
    },
    "pricing": [
      "low",
      "freemium",
      "recurring"
    ],
    "scriptSrc": [
      "(?:F|f)o(?:n|r)t-?(?:A|a)wesome(?:.*?([0-9a-fA-F]{7,40}|[\\d]+(?:.[\\d]+(?:.[\\d]+)?)?)|)",
      "\\.fontawesome\\.com/([0-9a-z]+).js"
    ],
    "website": "https://fontawesome.com/"
  },
  "FontServer": {
    "cats": [
      17
    ],
    "description": "FontServer is a online font delivery network service-provider for websites.",
    "dom": {
      "link[href*='.font']": {
        "attributes": {
          "href": "\\.font(?:api|cdn)\\.ir"
        }
      }
    },
    "icon": "FontServer.svg",
    "website": "https://fontserver.ir"
  },
  "Fontify": {
    "cats": [
      100
    ],
    "description": "Fontify allows you to utilise any font without having to alter code.",
    "icon": "Fontify.svg",
    "pricing": [
      "freemium",
      "payg"
    ],
    "requires": "Shopify",
    "saas": true,
    "scriptSrc": "fontify\\.nitroapps\\.co/",
    "website": "https://apps.shopify.com/fontify-change-customize-font-for-your-store"
  },
  "FooPlugins FooGallery": {
    "cats": [
      87,
      7
    ],
    "description": "FooPlugins FooGallery is a great image gallery plugin for WordPress.",
    "dom": {
      "link[href*='/wp-content/plugins/foogallery/']": {
        "attributes": {
          "href": "/wp-content/plugins/foogallery/.+\\.css(?:\\?ver=(\\d+(?:\\.\\d+)+))?\\;version:\\1"
        }
      }
    },
    "icon": "FooPlugins.svg",
    "js": {
      "FooGallery": ""
    },
    "pricing": [
      "freemium",
      "recurring",
      "low"
    ],
    "requires": "WordPress",
    "website": "https://fooplugins.com/foogallery-wordpress-gallery-plugin"
  },
  "FooTable": {
    "cats": [
      59
    ],
    "description": "FooTable is a jQuery plugin that converts HTML tables into expandable responsive tables.",
    "icon": "FooPlugins.svg",
    "js": {
      "$FOOTABLE.init": "",
      "footable.plugins": ""
    },
    "oss": true,
    "requires": "jQuery",
    "website": "https://fooplugins.github.io/FooTable/index.html"
  },
  "FoodBooking": {
    "cats": [
      93
    ],
    "description": "FoodBooking is a virtual food court based on a curated list of restaurants that use the GloriaFood ordering system.",
    "dom": "a[href*='.foodbooking.com/ordering/restaurant/'][target='_blank']",
    "icon": "FoodBooking.svg",
    "implies": "GloriaFood",
    "pricing": [
      "low",
      "recurring",
      "onetime"
    ],
    "saas": true,
    "scriptSrc": "\\.(?:fbgcdn|foodbooking)\\.com/",
    "website": "https://www.foodbooking.com"
  },
  "Foodomaa": {
    "cats": [
      93
    ],
    "cookies": {
      "cloudify_session": "",
      "foodomaa_session": ""
    },
    "description": "Foodomaa is a multi-restaurant food ordering and restaurant membership system.",
    "icon": "Foodomaa.svg",
    "pricing": [
      "freemium",
      "recurring",
      "low"
    ],
    "saas": true,
    "website": "https://foodomaa.com"
  },
  "Forethought AI": {
    "cats": [
      52,
      53
    ],
    "description": "Forethought is a customer support AI platform designed to lower support costs and enhance customer experience.",
    "dom": "iframe#forethought-chat",
    "icon": "ForethoughtAI.svg",
    "js": {
      "Forethought": ""
    },
    "pricing": [
      "poa"
    ],
    "saas": true,
    "website": "https://forethought.ai"
  },
  "Forethought Solve": {
    "cats": [
      5
    ],
    "description": "Forethought Solve is a live-chat widget that uses generative AI to automate responses for common questions across all channels.",
    "icon": "Forethought Solve.svg",
    "pricing": [
      "poa"
    ],
    "saas": true,
    "scriptSrc": "solve-widget\\.forethought\\.ai/",
    "website": "https://forethought.ai/platform/solve/"
  },
  "Forgejo": {
    "cats": [
      47
    ],
    "description": "Forgejo is a self-hosted software forge.",
    "dom": "link[href*='/theme-forgejo-auto.css']",
    "icon": "Forgejo.svg",
    "implies": [
      "Go",
      "jQuery",
      "PWA",
      "RSS"
    ],
    "meta": {
      "author": "Forgejo – Beyond coding\\. We forge\\."
    },
    "oss": true,
    "saas": true,
    "website": "https://forgejo.org/"
  },
  "Forie": {
    "cats": [
      6
    ],
    "description": "Forie is a B2B marketplace software designed to facilitate business-to-business transactions by connecting suppliers and buyers.",
    "icon": "Forie.svg",
    "pricing": [
      "poa"
    ],
    "saas": true,
    "scriptSrc": "\\.forie\\.com/",
    "website": "https://www.forie.com/"
  },
  "Fork Awesome": {
    "cats": [
      17
    ],
    "description": "Fork Awesome is now a community effort based on Font Awesome by Dave Gandy.",
    "dom": {
      "link[href*='fork-awesome.min.css']": {
        "attributes": {
          "href": ".+fork-awesome\\.min\\.css(?:\\?ver=([\\d.]+))?\\;version:\\1"
        }
      },
      "link[href*='npm/fork-awesome']": {
        "attributes": {
          "href": "/npm/fork-awesome@([\\d.]+)/css/fork-awesome\\.min\\.css\\;version:\\1"
        }
      }
    },
    "icon": "Fork Awesome.png",
    "oss": true,
    "website": "https://forkaweso.me"
  },
  "Fork CMS": {
    "cats": [
      1
    ],
    "cpe": "cpe:2.3:a:fork-cms:fork_cms:*:*:*:*:*:*:*:*",
    "description": "Fork CMS is an open-source content management system.",
    "icon": "ForkCMS.svg",
    "implies": "Symfony",
    "meta": {
      "generator": "^Fork CMS$"
    },
    "oss": true,
    "website": "https://www.fork-cms.com"
  },
  "Form.taxi": {
    "cats": [
      110
    ],
    "description": "Form.taxi is a backend service that enables reliable HTML form submissions without requiring any programming.",
    "dom": "form[action*='form.taxi/']",
    "icon": "FormTaxi.svg",
    "saas": true,
    "website": "https://form.taxi/en/backend"
  },
  "FormAssembly": {
    "cats": [
      110
    ],
    "description": "FormAssembly is a platform that enables to collection of data and processing via workflow.",
    "dom": "form[action*='tfaforms.net'], iframe[src*='tfaforms.net']",
    "icon": "FormAssembly.svg",
    "js": {
      "wFORMS.VERSION": "^(.+)$\\;version:\\1"
    },
    "pricing": [
      "recurring",
      "low"
    ],
    "website": "https://www.formassembly.com"
  },
  "FormBold": {
    "cats": [
      110
    ],
    "description": "FormBold is a complete web forms solution for static websites that allows you to create forms, collect data, and send notifications.",
    "dom": "form[action*='//formbold.com/']",
    "icon": "FormBold.svg",
    "pricing": [
      "freemium",
      "low",
      "recurring"
    ],
    "saas": true,
    "website": "https://formbold.com"
  },
  "Formaloo": {
    "cats": [
      110
    ],
    "description": "Formaloo is a no-code collaboration platform that helps businesses create custom data-driven business applications and internal tools, automate their processes and engage their audience.",
    "dom": "iframe[src*='//formaloo.net/']",
    "icon": "Formaloo.svg",
    "pricing": [
      "freemium",
      "low",
      "recurring"
    ],
    "saas": true,
    "scriptSrc": "//formaloo\\.net/",
    "website": "https://www.formaloo.com"
  },
  "Format": {
    "cats": [
      1
    ],
    "description": "Format is a portfolio CMS system designed for creating, managing, and showcasing digital portfolios.",
    "headers": {
      "X-Format-Path": ""
    },
    "icon": "Format.svg",
    "pricing": [
      "low",
      "recurring"
    ],
    "saas": true,
    "scripts": "format\\.com",
    "website": "https://www.format.com"
  },
  "Formcan": {
    "cats": [
      110
    ],
    "cookies": {
      "formcan-color-mode": ""
    },
    "description": "Formcan is a form builder that enables creation, customization, and deployment of online forms for data collection and management.",
    "icon": "Formcan.svg",
    "pricing": [
      "freemium",
      "low",
      "recurring",
      "payg"
    ],
    "saas": true,
    "scriptSrc": "static\\.formcan\\.com/",
    "website": "https://www.formcan.com"
  },
  "Formidable Form": {
    "cats": [
      87,
      73,
      110
    ],
    "description": "Formidable Forms is a WordPress plugin that enables you to create quizzes, surveys, calculators, timesheets, multi-page application forms.",
    "dom": "link[href*='/wp-content/plugins/formidable/']",
    "icon": "Formidable Form.svg",
    "pricing": [
      "freemium",
      "low",
      "recurring"
    ],
    "requires": "WordPress",
    "website": "https://formidableforms.com"
  },
  "Formitable": {
    "cats": [
      93
    ],
    "description": "Formitable is an reservation management system for restaurants.",
    "icon": "Formitable.svg",
    "pricing": [
      "mid",
      "recurring"
    ],
    "saas": true,
    "scriptSrc": [
      "formitable\\.js(?:\\?ver=([\\d.]+))?\\;version:\\1",
      "cdn\\.formitable\\.com"
    ],
    "website": "https://formitable.com"
  },
  "Formless": {
    "cats": [
      110
    ],
    "description": "Formless is an AI-powered solution that creates interactive forms, enabling natural conversation, asking and answering questions, and engaging users at any touchpoint.",
    "icon": "Formless.svg",
    "js": {
      "__formless_cleanup_signals": "",
      "__formless_init": ""
    },
    "pricing": [
      "mid",
      "recurring",
      "poa"
    ],
    "saas": true,
    "website": "https://formless.ai"
  },
  "Formli": {
    "cats": [
      110
    ],
    "description": "Formli is a web-based form builder service that permits users to produce and personalise online forms for different purposes, including surveys, feedback forms, event registrations, and others.",
    "icon": "Formli.svg",
    "pricing": [
      "freemium",
      "low",
      "recurring"
    ],
    "saas": true,
    "scriptSrc": "(?:app|cdn)\\.(?:formli|humanagency)\\.(?:com|org)/",
    "website": "https://formli.com"
  },
  "Formstack": {
    "cats": [
      110
    ],
    "description": "Formstack is a platform offering no-code solutions for digital workflows, including forms, documents, and signatures.",
    "dom": "form[action*='.formstack.com/forms']",
    "icon": "Formstack.svg",
    "js": {
      "Formstack": "",
      "loadFormstack": ""
    },
    "pricing": [
      "freemium",
      "low",
      "recurring",
      "poa"
    ],
    "saas": true,
    "website": "https://www.formstack.com"
  },
  "Formstone": {
    "cats": [
      59
    ],
    "cpe": "cpe:2.3:a:formstone:formstone:*:*:*:*:*:*:*:*",
    "description": "Formstone is a front-end library that simplifies web development by providing customizable jQuery plugins that abstract modern web patterns.",
    "icon": "Formstone.svg",
    "oss": true,
    "pricing": [
      "onetime"
    ],
    "requires": "jQuery",
    "scriptSrc": "jquery\\.formstone\\.min\\.js",
    "website": "https://formstone.it"
  },
  "ForoshGostar": {
    "cats": [
      6
    ],
    "cookies": {
      "Aws.customer": ""
    },
    "icon": "ForoshGostar.svg",
    "implies": "Microsoft ASP.NET",
    "meta": {
      "generator": "^Forosh\\s?Gostar.*|Arsina Webshop.*$"
    },
    "website": "https://www.foroshgostar.com"
  },
  "Forte": {
    "cats": [
      41
    ],
    "description": "Forte, a CSG Company offers merchants and partners a broad range of payment solutions.",
    "icon": "Forte.svg",
    "pricing": [
      "payg"
    ],
    "saas": true,
    "scriptSrc": "checkout\\.forte\\.net",
    "website": "https://www.forte.net"
  },
  "Forter": {
    "cats": [
      16
    ],
    "cookies": {
      "forterToken": ""
    },
    "description": "Forter is a SaaS company that provides fraud prevention technology for online retailers and marketplaces.",
    "icon": "Forter.svg",
    "js": {
      "ftr__startScriptLoad": ""
    },
    "pricing": [
      "poa"
    ],
    "saas": true,
    "scriptSrc": "forter\\.com",
    "website": "https://www.forter.com"
  },
  "Fortinet FortiGate": {
    "cats": [
      16
    ],
    "cookies": {
      "FGTServer": ""
    },
    "description": "Fortinet FortiGate is a family of network security appliances that provide firewall, VPN, intrusion prevention, antivirus, web filtering, and other security features to protect and secure networks and data.",
    "icon": "Fortinet.svg",
    "pricing": [
      "poa"
    ],
    "website": "https://www.fortinet.com/products/next-generation-firewall"
  },
  "Fortune3": {
    "cats": [
      6
    ],
    "description": "Fortune3 is a platform that offers ecommerce software and services.",
    "dom": "link[href*='//www.fortune3.com/'],link[href*='siterate/rate.css']",
    "icon": "Fortune3.png",
    "saas": true,
    "scriptSrc": "cartjs\\.php\\?(?:.*&)?s=[^&]*myfortune3cart\\.com",
    "website": "https://fortune3.com"
  },
  "Foswiki": {
    "cats": [
      8
    ],
    "cookies": {
      "FOSWIKISTRIKEONE": "",
      "SFOSWIKISID": ""
    },
    "cpe": "cpe:2.3:a:foswiki:foswiki:*:*:*:*:*:*:*:*",
    "description": "Foswiki is a free open-source collaboration platform.",
    "dom": "div.foswikiCopyright, div.foswikiPage, div.foswikiMain",
    "headers": {
      "X-Foswikiaction": "",
      "X-Foswikiuri": ""
    },
    "icon": "foswiki.svg",
    "implies": "Perl",
    "js": {
      "foswiki": ""
    },
    "meta": {
      "foswiki.SERVERTIME": "",
      "foswiki.WIKINAME": ""
    },
    "website": "https://foswiki.org"
  },
  "Four": {
    "cats": [
      41,
      91
    ],
    "description": "Pay with four is a Buy now pay later solution.",
    "icon": "Four.svg",
    "js": {
      "Four": ""
    },
    "saas": true,
    "scriptSrc": "scripts\\.paywithfour\\.com",
    "website": "https://paywithfour.com/"
  },
  "Foursixty": {
    "cats": [
      96
    ],
    "description": "Foursixty is a widget which turns Instagram content and user-generated content into shoppable galleries.",
    "icon": "Foursixty.svg",
    "js": {
      "FoursixtyEmbed": ""
    },
    "pricing": [
      "mid",
      "recurring"
    ],
    "saas": true,
    "scriptSrc": "foursixty\\.com",
    "website": "https://foursixty.com/"
  },
  "Fourthwall": {
    "cats": [
      6
    ],
    "description": "Fourthwall helps to create and launch a branded website.",
    "icon": "Fourthwall.svg",
    "js": {
      "FourthwallAnalytics": "",
      "fourthwallTheme": ""
    },
    "meta": {
      "version": "^(.+)$\\;version:\\1\\;confidence:0"
    },
    "pricing": [
      "payg"
    ],
    "saas": true,
    "scriptSrc": "\\.fourthwall\\.com",
    "website": "https://fourthwall.com/"
  },
  "FoxPush": {
    "cats": [
      5
    ],
    "description": "FoxPush is a platform that supports pushing of notifications through the browser.",
    "icon": "FoxPush.svg",
    "js": {
      "_foxpush": ""
    },
    "pricing": [
      "poa"
    ],
    "saas": true,
    "scriptSrc": "\\.foxpush\\.net/",
    "website": "https://www.foxpush.com"
  },
  "Foxy.io": {
    "cats": [
      6
    ],
    "description": "Foxy’s hosted cart & payment page allow you to sell anything, using your existing website or platform.",
    "icon": "foxyio.svg",
    "pricing": [
      "payg",
      "recurring"
    ],
    "saas": true,
    "scriptSrc": "cdn\\.foxycart\\.com",
    "website": "https://www.foxy.io"
  },
  "Framer Motion": {
    "cats": [
      59
    ],
    "description": "Framer Motion is a modern animation library for JavaScript, React, and Vue.",
    "icon": "FramerMotion.svg",
    "js": {
      "MotionIsMounted": ""
    },
    "oss": true,
    "pricing": [
      "freemium"
    ],
    "website": "https://motion.dev"
  },
  "Framer Sites": {
    "cats": [
      51
    ],
    "description": "Framer is primarily a design and prototyping tool. It allows you to design interactive prototypes of websites and applications using production components and real data.",
    "icon": "Framer Sites.svg",
    "implies": "React",
    "js": {
      "Framer": "",
      "Framer.Animatable": "",
      "Framer.version": "([\\d\\.]+)\\;version:\\1\\;confidence:0",
      "__framer_importFromPackage": ""
    },
    "oss": false,
    "pricing": [
      "low",
      "freemium",
      "recurring"
    ],
    "saas": true,
    "scriptSrc": "framerusercontent\\.com",
    "website": "https://framer.com/sites"
  },
  "Frames": {
    "cats": [
      87
    ],
    "description": "Frames is a tool that allows you to create wireframes in real time, design and develop systems, and access a library of components to help you build custom websites quickly and easily, without any restrictions on your creative input.",
    "dom": "link[href*='/wp-content/plugins/frames-plugin/']",
    "icon": "Frames.svg",
    "pricing": [
      "low",
      "recurring",
      "onetime"
    ],
    "requires": "WordPress",
    "saas": true,
    "website": "https://getframes.io"
  },
  "Framework7": {
    "cats": [
      26
    ],
    "description": "Framework7 is a mobile HTML framework designed for creating iOS and Android applications with a native-like user experience.",
    "icon": "Framework7.svg",
    "js": {
      "Framework7.Component": ""
    },
    "oss": true,
    "pricing": [
      "low",
      "recurring"
    ],
    "website": "https://framework7.io"
  },
  "France Express": {
    "cats": [
      99
    ],
    "description": "France Express is a delivery service based in France.",
    "icon": "France Express.svg",
    "requiresCategory": 6,
    "text": [
      "\\bFrance Express\\b"
    ],
    "website": "https://www.france-express.com"
  },
  "Frappe": {
    "cats": [
      18
    ],
    "description": "Frappe is a full stack, batteries-included, web framework written in Python and Javascript.",
    "icon": "Frappe.svg",
    "implies": [
      "Python",
      "MariaDB"
    ],
    "js": {
      "frappe.avatar": ""
    },
    "meta": {
      "generator": "^frappe$"
    },
    "oss": true,
    "website": "https://frappeframework.com"
  },
  "Frase": {
    "cats": [
      96
    ],
    "description": "Frase is a content system powered by AI, designed to streamline content creation processes.",
    "icon": "Frase.svg",
    "js": {
      "frase": ""
    },
    "pricing": [
      "freemium",
      "low",
      "recurring"
    ],
    "saas": true,
    "website": "https://www.frase.io"
  },
  "FraudLabs Pro": {
    "cats": [
      16
    ],
    "description": "FraudLabs Pro is a fraud prevention service offered by the company FraudLabs Pro, which specialises in online fraud detection and risk management for businesses.",
    "icon": "FraudLabs Pro.svg",
    "js": {
      "FraudLabsProAgent": ""
    },
    "pricing": [
      "freemium",
      "mid",
      "recurring"
    ],
    "saas": true,
    "scriptSrc": "\\.fraudlabspro\\.com/",
    "website": "https://www.fraudlabspro.com"
  },
  "FreakOut": {
    "cats": [
      36
    ],
    "description": "FreakOut is a marketing technology company with programmatic solutions (DSP,SSP) that delivers in-feed display and video formats across global publishers.",
    "dom": "img[src*='.fout.jp/'], link[href*='.fout.jp']",
    "icon": "FreakOut.svg",
    "js": {
      "FOut": "",
      "_fout_jsurl": "",
      "_fout_queue": ""
    },
    "pricing": [
      "poa"
    ],
    "saas": true,
    "scriptSrc": "\\.fout\\.jp/",
    "website": "https://www.fout.co.jp"
  },
  "FreeBSD": {
    "cats": [
      28
    ],
    "cpe": "cpe:2.3:o:freebsd:freebsd:*:*:*:*:*:*:*:*",
    "description": "FreeBSD is a free and open-source Unix-like operating system.",
    "headers": {
      "Server": "FreeBSD(?: ([\\d.]+))?\\;version:\\1"
    },
    "icon": "FreeBSD.png",
    "website": "https://freebsd.org"
  },
  "FreeTextBox": {
    "cats": [
      24
    ],
    "description": "FreeTextBox is a free open-source HTML Editor.",
    "icon": "FreeTextBox.png",
    "implies": "Microsoft ASP.NET",
    "js": {
      "FTB_API": "",
      "FTB_AddEvent": ""
    },
    "website": "https://freetextbox.com"
  },
  "Freemius": {
    "cats": [
      6
    ],
    "description": "Freemius is a managed ecommerce engine designed for selling WordPress plugins.",
    "icon": "Freemius.svg",
    "pricing": [
      "payg"
    ],
    "requires": "WordPress",
    "saas": true,
    "scriptSrc": "checkout\\.freemius\\.com/",
    "website": "https://freemius.com"
  },
  "Frequenceo": {
    "cats": [
      99
    ],
    "description": "Frequenceo is a fixed-rate postage service in France.",
    "icon": "La Poste.svg",
    "requiresCategory": 6,
    "text": [
      "\\bFrequenceo\\b"
    ],
    "website": "https://www.laposte.fr/entreprise/produit-entreprise/frequenceo"
  },
  "Frequently Bought Together": {
    "cats": [
      100
    ],
    "description": "Frequently Bought Together is a Shopify app which add Amazon-like 'Customers Who Bought This Item Also Bought' product recommendations to your store.",
    "icon": "Frequently Bought Together.png",
    "pricing": [
      "freemium",
      "low",
      "recurring"
    ],
    "requires": "Shopify",
    "saas": true,
    "scriptSrc": "\\.codeblackbelt\\.com/js/modules/frequently-bought-together/",
    "website": "https://www.codeblackbelt.com"
  },
  "Fresco": {
    "cats": [
      59
    ],
    "description": "Fresco is a responsive lightbox. Fresco comes with thumbnail support, fullscreen zoom, Youtube and Vimeo integration for HTML5 video and a powerful Javascript API.",
    "icon": "default.svg",
    "js": {
      "Fresco.version": "^([\\d\\.]+)$\\;version:\\1"
    },
    "oss": true,
    "pricing": [
      "freemium"
    ],
    "website": "https://github.com/staaky/fresco"
  },
  "Fresh": {
    "cats": [
      18,
      22
    ],
    "description": "Fresh is a full stack modern web framework for JavaScript and TypeScript developers, designed to make it trivial to create high-quality, performant, and personalized web applications.",
    "dom": [
      "style[id='__FRSH_TWIND']",
      "style[id='__FRSH_STYLE']",
      "script[id='__FRSH_STATE']",
      "link[href*='?__frsh_c=']"
    ],
    "icon": "Fresh.svg",
    "implies": [
      "Deno",
      "Preact"
    ],
    "oss": true,
    "website": "https://fresh.deno.dev"
  },
  "Fresh Relevance": {
    "cats": [
      76
    ],
    "description": "Fresh Relevance is a personalization platform designed to create cross-channel experiences, enabling businesses to deliver customized customer interactions.",
    "dom": "link[href*='am.freshrelevance.com']",
    "icon": "FreshRelevance.svg",
    "pricing": [
      "recurring",
      "poa"
    ],
    "saas": true,
    "website": "https://www.freshrelevance.com"
  },
  "Fresha": {
    "cats": [
      72
    ],
    "description": "Fresha is a leading marketplace enabling consumers to discover, book, and pay for local beauty and wellness services.",
    "dom": "a[data-href*='.fresha.com/']",
    "icon": "Fresha.svg",
    "js": {
      "FRESHA_VARS": ""
    },
    "pricing": [
      "freemium"
    ],
    "saas": true,
    "scriptSrc": "\\.fresha\\.com/",
    "website": "https://www.fresha.com"
  },
  "Freshchat": {
    "cats": [
      52
    ],
    "description": "Freshchat is a cloud-hosted live messaging and engagement application.",
    "icon": "Freshchat.svg",
    "js": {
      "Freshbots": ""
    },
    "pricing": [
      "low",
      "recurring"
    ],
    "saas": true,
    "scriptSrc": "wchat\\.freshchat\\.com/js/widget\\.js",
    "website": "https://www.freshworks.com/live-chat-software/"
  },
  "Freshop": {
    "cats": [
      6
    ],
    "description": "Freshop is an online platform for grocers.",
    "icon": "Freshop.svg",
    "js": {
      "freshop": "",
      "freshopInitialized": ""
    },
    "meta": {
      "author": "^Freshop, Inc\\.$"
    },
    "pricing": [
      "payg"
    ],
    "saas": true,
    "scriptSrc": "asset(?:cdn)?\\.freshop\\.com/",
    "website": "https://www.freshop.com"
  },
  "Freshteam": {
    "cats": [
      101
    ],
    "description": "Freshteam is a cloud-based HR and applicant tracking solution offered by Freshworks.",
    "dom": "a[href*='.freshteam.com/jobs']",
    "icon": "Freshteam.svg",
    "pricing": [
      "freemium",
      "payg",
      "recurring"
    ],
    "saas": true,
    "scriptSrc": "assets\\.freshteam\\.com/",
    "website": "https://www.freshworks.com/hrms/"
  },
  "Freshworks CRM": {
    "cats": [
      53,
      32,
      74
    ],
    "description": "Freshworks CRM is a cloud-based customer relationship management (CRM) solution. Key features include one-click phone, sales lead tracking, sales management, event tracking and more.",
    "dom": "div[class*='Footer-PoweredBy'] > span > a[href*='www.freshworks.com/']",
    "icon": "Freshworks CRM.svg",
    "js": {
      "ZargetForm": "",
      "zarget": "",
      "zargetAPI": ""
    },
    "pricing": [
      "mid",
      "recurring"
    ],
    "saas": true,
    "scriptSrc": [
      "cdn\\.freshmarketer\\.com",
      "cdn\\.zarget\\.com"
    ],
    "website": "https://www.freshworks.com/crm"
  },
  "Friendbuy": {
    "cats": [
      94
    ],
    "description": "Friendbuy is a cloud-based referral marketing solution designed to help ecommerce businesses of all sizes.",
    "icon": "Friendbuy.svg",
    "js": {
      "friendbuy": "",
      "friendbuyAPI.merchantId": ""
    },
    "pricing": [
      "mid",
      "recurring"
    ],
    "saas": true,
    "scriptSrc": [
      "\\.cloudfront\\.net/js/friendbuy\\.min\\.js",
      "static\\.fbot\\.me/friendbuy\\.js"
    ],
    "website": "https://www.friendbuy.com"
  },
  "Friendly Captcha": {
    "cats": [
      16
    ],
    "description": "Friendly Captcha is a proof-of-work based solution in which the user’s device does all the work.",
    "dom": "div.frc-captcha",
    "icon": "FriendlyCaptcha.svg",
    "pricing": [
      "low",
      "freemium",
      "recurring",
      "poa"
    ],
    "saas": true,
    "scripts": "x-frc-client\",\"js-(\\d+(\\.\\d+)+)\\;version:\\1",
    "website": "https://friendlycaptcha.com",
    "xhr": "api.friendlycaptcha.com"
  },
  "Frill": {
    "cats": [
      90
    ],
    "description": "Frill is a platform that connects customers and businesses by enabling customers to provide feedback.",
    "icon": "Frill.svg",
    "js": {
      "FRILL_ENV": "",
      "Frill.containers": ""
    },
    "pricing": [
      "low",
      "recurring",
      "poa"
    ],
    "saas": true,
    "scriptSrc": "\\.frill\\.co/",
    "website": "https://frill.co"
  },
  "Frisbie": {
    "cats": [
      52
    ],
    "description": "Frisbie is a Russian chat widget designed for online communication.",
    "icon": "Frisbie.svg",
    "js": {
      "Frisbie.app": ""
    },
    "pricing": [
      "freemium",
      "low",
      "recurring"
    ],
    "saas": true,
    "website": "https://frisbie.me"
  },
  "Frizbit": {
    "cats": [
      32
    ],
    "description": "Frizbit is a marketing tool that helps digital marketeers increase web traffic and revenue by combining web push notification.",
    "dom": "link[href*='cdn.frizbit.com']",
    "icon": "Frizbit.svg",
    "js": {
      "frizbit.configurationManager": "",
      "frizbit.remoteConfigs": ""
    },
    "pricing": [
      "low",
      "recurring",
      "poa"
    ],
    "saas": true,
    "scriptSrc": "cdn\\.frizbit\\.com/",
    "website": "https://frizbit.com"
  },
  "Froala Editor": {
    "cats": [
      24
    ],
    "description": "Froala Editor is a WYSIWYG HTML Editor written in Javascript that enables rich text editing capabilities for applications.",
    "dom": {
      ".fr-view, .fr-box, .fr-popup": {
        "exists": "\\;version:2+"
      },
      ".froala-box": {
        "exists": "\\;version:1"
      }
    },
    "icon": "Froala.svg",
    "implies": [
      "jQuery",
      "Font Awesome"
    ],
    "js": {
      "FroalaEditor.VERSION": "([\\d\\.]+)\\;version:\\1"
    },
    "website": "https://froala.com/wysiwyg-editor"
  },
  "Froged": {
    "cats": [
      52
    ],
    "description": "Froged is an all-in-one omnichannel communication platform designed to streamline messaging across multiple channels.",
    "icon": "Froged.svg",
    "js": {
      "Froged": "",
      "frogedAutoClick": ""
    },
    "pricing": [
      "mid",
      "recurring"
    ],
    "saas": true,
    "scriptSrc": "sdk\\.froged\\.com",
    "website": "https://froged.com"
  },
  "Front Chat": {
    "cats": [
      52
    ],
    "description": "Front Chat is the live website chat solution that you can manage straight from your inbox.",
    "icon": "Front Chat.svg",
    "js": {
      "FrontChat": ""
    },
    "pricing": [
      "low",
      "recurring"
    ],
    "saas": true,
    "scriptSrc": "//chat-assets\\.frontapp\\.com/",
    "website": "https://front.com"
  },
  "Front-Commerce": {
    "cats": [
      108
    ],
    "description": "Front-Commerce is a React-based ecommerce framework that provides a development environment and tools for building online stores, offering seamless integration with backend systems through GraphQL and supporting popular platforms like Adobe Commerce, BigCommerce, OpenMage, Contentful or Prismic.",
    "dom": "link[data-chunk*='front-commerce-src-web-theme-routes'], script[data-chunk*='front-commerce-src-web-theme-routes']",
    "icon": "front-commerce.svg",
    "implies": [
      "React",
      "GraphQL",
      "Webpack",
      "Node.js",
      "PWA",
      "Remix",
      "Vite"
    ],
    "meta": {
      "application-name": "^Front-Commerce$"
    },
    "website": "https://front-commerce.com"
  },
  "FrontPage": {
    "cats": [
      20
    ],
    "cpe": "cpe:2.3:a:microsoft:frontpage:*:*:*:*:*:*:*:*",
    "description": "FrontPage is a program for developing and maintaining websites.",
    "icon": "FrontPage.png",
    "meta": {
      "ProgId": "^FrontPage\\.",
      "generator": "Microsoft FrontPage(?:\\s((?:Express )?[\\d.]+))?\\;version:\\1"
    },
    "website": "https://office.microsoft.com/frontpage"
  },
  "Frontastic": {
    "cats": [
      51
    ],
    "description": "Frontastic is a Commerce Frontend Platform that unites business and development teams to build commerce sites on headless.",
    "headers": {
      "frontastic-request-id": ""
    },
    "icon": "Frontastic.svg",
    "saas": true,
    "website": "https://www.frontastic.cloud/"
  },
  "Frontify": {
    "cats": [
      95
    ],
    "description": "Frontify is a cloud-based brand management platform for creators and collaborators of brands.",
    "dom": "a[href*='.frontify.com/'], img[src*='.frontify.com/'], link[href*='.frontify.com/']",
    "headers": {
      "server": "^frontify$"
    },
    "icon": "Frontify.svg",
    "pricing": [
      "poa"
    ],
    "saas": true,
    "website": "https://www.frontify.com"
  },
  "Frontity": {
    "cats": [
      12,
      18
    ],
    "description": "Frontity is a React open-source framework focused on WordPress.",
    "icon": "frontity.svg",
    "implies": [
      "React",
      "Webpack",
      "WordPress"
    ],
    "meta": {
      "generator": "^Frontity"
    },
    "website": "https://frontity.org"
  },
  "Frosmo": {
    "cats": [
      32,
      74
    ],
    "description": "Frosmo is a SaaS company which provides AI-driven personalisation products.",
    "icon": "Frosmo.svg",
    "js": {
      "_frosmo": "",
      "frosmo": ""
    },
    "pricing": [
      "poa"
    ],
    "saas": true,
    "scriptSrc": "frosmo\\.easy\\.js",
    "website": "https://frosmo.com"
  },
  "FullCalendar": {
    "cats": [
      5
    ],
    "description": "FullCalendar is a full-sized drag and drop JavaScript event calendar.",
    "icon": "FullCalendar.svg",
    "implies": "TypeScript",
    "js": {
      "FullCalendar.version": "^([\\d\\.\\-\\w]+)$\\;version:\\1"
    },
    "oss": true,
    "pricing": [
      "freemium",
      "mid",
      "poa"
    ],
    "scriptSrc": "/fullcalendar\\.min\\.js",
    "website": "https://fullcalendar.io"
  },
  "FullContact": {
    "cats": [
      10
    ],
    "description": "FullContact is a privacy-safe Identity Resolution company building trust between people and brands.",
    "icon": "FullContact.svg",
    "js": {
      "Fullcontact": ""
    },
    "pricing": [
      "mid",
      "recurring"
    ],
    "saas": true,
    "scriptSrc": "tags\\.fullcontact\\.com/",
    "website": "https://www.fullcontact.com"
  },
  "FullStory": {
    "cats": [
      10
    ],
    "description": "FullStory is a web-based digital intelligence system that helps optimize the client experience.",
    "icon": "FullStory.svg",
    "js": {
      "FS.clearUserCookie": ""
    },
    "pricing": [
      "freemium",
      "mid",
      "recurring"
    ],
    "saas": true,
    "scriptSrc": "\\.fullstory\\.com/",
    "website": "https://www.fullstory.com"
  },
  "Fullbay": {
    "cats": [
      53
    ],
    "description": "Fullbay is heavy-duty repair shop software that provides a clear view of ongoing activities in your repair shop while enhancing staff productivity.",
    "icon": "Fullbay.svg",
    "pricing": [
      "poa"
    ],
    "saas": true,
    "scriptSrc": "app\\.fullbay\\.com/",
    "website": "https://www.fullbay.com"
  },
  "FundRazr": {
    "cats": [
      111
    ],
    "description": "FundRazr is an online fundraising and crowdfunding platform.",
    "dom": "link[href*='//static.fundrazr.com/']",
    "icon": "FundRazr.svg",
    "js": {
      "FundRazr": ""
    },
    "pricing": [
      "freemium"
    ],
    "saas": true,
    "website": "https://fundrazr.com"
  },
  "Fundiin": {
    "cats": [
      91
    ],
    "description": "Fundiin is the BNPL leader in Vietnam in providing zero-cost buy-now-pay-later facilities.",
    "icon": "Fundiin.svg",
    "js": {
      "websiteEnableSuggestFundiin": "true",
      "websiteMaximumSuggestFundiinWithPrediction": ""
    },
    "saas": true,
    "website": "https://fundiin.vn"
  },
  "Funding Choices": {
    "cats": [
      67
    ],
    "description": "Funding Choices is a messaging tool that can help you comply with the EU General Data Protection Regulation (GDPR), and recover lost revenue from ad blocking users.",
    "dns": {
      "SOA": "fundingchoicesmessages"
    },
    "dom": ".fc-consent-root, iframe[name='googlefcLoaded'], iframe[name='googlefcPresent'], .fc-dialog, .fc-choice-dialog",
    "icon": "Google.svg",
    "js": {
      "__googlefc": ""
    },
    "scriptSrc": "fundingchoicesmessages\\.google\\.com",
    "website": "https://developers.google.com/funding-choices"
  },
  "Fundraise Up": {
    "cats": [
      111
    ],
    "description": "Fundraise Up is a platform for online donations.",
    "icon": "Fundraise Up.svg",
    "js": {
      "FundraiseUp": ""
    },
    "pricing": [
      "payg",
      "recurring"
    ],
    "scriptSrc": "\\.fundraiseup\\.com/",
    "website": "https://fundraiseup.com"
  },
  "FunnelCockpit": {
    "cats": [
      32
    ],
    "description": "FunnelCockpit is an all-in-one funnel builder.",
    "dom": "a[href*='.funnelcockpit.com/'][target='_blank'], iframe[src*='.funnelcockpit.com/']",
    "icon": "FunnelCockpit.png",
    "pricing": [
      "mid",
      "recurring"
    ],
    "saas": true,
    "scriptSrc": "\\.funnelcockpit\\.com/",
    "website": "https://funnelcockpit.com"
  },
  "Funnelforms": {
    "cats": [
      87,
      110
    ],
    "description": "Funnelforms is a WordPress plugin for creating intelligent multi-step forms, integrating AI to streamline business processes, enhance customer acquisition, and optimise staff recruitment.",
    "dom": {
      "link[href*='/wp-content/plugins/Funnelforms']": {
        "attributes": {
          "href": "/wp-content/plugins/Funnelforms(?:-pro)?/.+\\.css(?:\\?ver=(\\d+(?:\\.\\d+)+))?\\;version:\\1"
        }
      }
    },
    "icon": "Funnelforms.svg",
    "pricing": [
      "low",
      "recurring"
    ],
    "requires": "WordPress",
    "saas": true,
    "website": "https://en.funnelforms.io"
  },
  "Funnelish": {
    "cats": [
      51
    ],
    "description": "Funnelish is a software tool that helps businesses create and optimise sales funnels for their websites to increase their conversion rates and revenue. Funnelish page builder is a funnel builder focused on building ecommerce funnels.",
    "icon": "Funnelish.svg",
    "js": {
      "funnelish": ""
    },
    "pricing": [
      "low",
      "recurring"
    ],
    "saas": true,
    "website": "https://funnelish.com"
  },
  "Funnels of Course": {
    "cats": [
      32
    ],
    "description": "Funnels of Course is an all-in-one marketing platform designed to support coaches and course creators in achieving online success.",
    "icon": "FunnelsOfCourse.svg",
    "pricing": [
      "low",
      "recurring"
    ],
    "saas": true,
    "scripts": "app\\.funnelsofcourse\\.com",
    "website": "https://funnelsofcourse.com"
  },
  "Funnelytics": {
    "cats": [
      32
    ],
    "description": "Funnelytics is a tool designed to increase lead and customer conversions by optimizing marketing funnels for better performance and results.",
    "icon": "Funnelytics.svg",
    "pricing": [
      "mid",
      "recurring"
    ],
    "saas": true,
    "scriptSrc": "cdn\\.funnelytics\\.io/",
    "website": "https://funnelytics.io"
  },
  "Funraise": {
    "cats": [
      111
    ],
    "description": "Funraise is a nonprofit fundraising platform that enables organisations to build fundraising websites as well as manage donations and campaigns.",
    "dom": "a[href*='.funraise.org/']",
    "icon": "Funraise.svg",
    "js": {
      "FR.IMAGE_BASE_URL": "\\.funraise\\.io"
    },
    "pricing": [
      "freemium",
      "mid",
      "recurring"
    ],
    "saas": true,
    "website": "https://funraise.org"
  },
  "FurnitureDealer": {
    "cats": [
      6
    ],
    "description": "FurnitureDealer is the internet partner of more than 100 leading local full service brick and mortar furniture retailers.",
    "icon": "FurnitureDealer.png",
    "pricing": [
      "poa"
    ],
    "scriptSrc": "\\.furnituredealer\\.net/",
    "website": "https://www.furnituredealer.net"
  },
  "Fusion Ads": {
    "cats": [
      36
    ],
    "icon": "Fusion Ads.png",
    "js": {
      "_fusion": ""
    },
    "scriptSrc": "^[^\\/]*//[ac]dn\\.fusionads\\.net/(?:api/([\\d.]+)/)?\\;version:\\1",
    "website": "https://fusionads.net"
  },
  "FusionCharts": {
    "cats": [
      25
    ],
    "description": "FusionCharts is a comprehensive charting solution for websites.",
    "icon": "fusion_charts.svg",
    "js": {
      "FusionCharts": "",
      "FusionChartsDataFormats": "",
      "FusionMaps": ""
    },
    "pricing": [
      "mid",
      "recurring",
      "poa"
    ],
    "website": "https://www.fusioncharts.com/charts"
  },
  "Future Shop": {
    "cats": [
      6
    ],
    "description": "Future Shop is a SaaS-based ecommerce platform.",
    "icon": "futureshop.svg",
    "pricing": [
      "mid",
      "recurring"
    ],
    "saas": true,
    "scriptSrc": "future-shop.*\\.js",
    "website": "https://www.future-shop.jp"
  },
  "Futurio": {
    "cats": [
      80
    ],
    "description": "Futurio is a lightweight and customizable multi-purpose and WooCommerce WordPress theme.",
    "dom": "link[href*='/wp-content/themes/futurio/']",
    "icon": "Futurio.svg",
    "pricing": [
      "freemium",
      "low",
      "recurring",
      "onetime"
    ],
    "requires": "WordPress",
    "scriptSrc": "/wp-content/themes/futurio/.+customscript\\.js(?:\\?ver=([\\d\\.]+))?\\;version:\\1",
    "website": "https://futuriowp.com"
  },
  "Futy": {
    "cats": [
      32
    ],
    "description": "Futy is a tool that helps convert website visitors into leads through a customer-friendly approach.",
    "icon": "Futy.svg",
    "js": {
      "Futy.$axios": ""
    },
    "pricing": [
      "freemium",
      "low",
      "recurring"
    ],
    "saas": true,
    "website": "https://www.futy.io"
  },
  "Fygaro": {
    "cats": [
      6
    ],
    "description": "Fygaro is an online commerce platform enabling businesses to sell online, manage retail operations, and streamline daily business activities.",
    "icon": "Fygaro.svg",
    "pricing": [
      "low",
      "recurring"
    ],
    "saas": true,
    "scriptSrc": "api\\.fygaro\\.com/",
    "scripts": "fygaro-production\\.s3",
    "website": "https://www.fygaro.com"
  },
  "Fynd Platform": {
    "cats": [
      6
    ],
    "description": "Fynd Platform is a subscription based software as a service where brands can mange their catalog, send marketing sms/emailers and sell their products.",
    "icon": "Fynd Platform.svg",
    "implies": "Vue.js",
    "js": {
      "__fyndAction": ""
    },
    "pricing": [
      "high",
      "recurring",
      "payg"
    ],
    "saas": true,
    "scriptSrc": "\\.fynd\\.com/",
    "website": "https://platform.fynd.com"
  },
  "fullPage.js": {
    "cats": [
      59
    ],
    "description": "fullPage.js a jQuery and vanilla JavaScript plugin for fullscreen scrolling websites.",
    "icon": "fullPage.js.png",
    "implies": "jQuery",
    "js": {
      "fullpage_api.version": "([\\d\\.]+)\\;version:\\1"
    },
    "oss": true,
    "scriptSrc": "/fullPage\\.js(?:/([\\d\\.]+)/)?\\;version:\\1",
    "website": "https://github.com/alvarotrigo/fullpage.js"
  }
}