{
  "IBM Carbon Design System": {
    "cats": [
      66
    ],
    "description": "IBM Carbon Design System is an open-source design system for building products and digital experiences.",
    "icon": "CarbonDesignSystem.svg",
    "pricing": [
      "freemium"
    ],
    "scriptSrc": "www\\.s81c\\.com/common/",
    "website": "https://carbondesignsystem.com"
  },
  "IBM Coremetrics": {
    "cats": [
      10
    ],
    "icon": "IBM.svg",
    "scriptSrc": "cmdatatagutils\\.js",
    "website": "https://ibm.com/software/marketing-solutions/coremetrics"
  },
  "IBM DataPower": {
    "cats": [
      64
    ],
    "cpe": "cpe:2.3:a:ibm:datapower_gateway:*:*:*:*:*:*:*:*",
    "description": "IBM DataPower Gateway is a single multi-channel gateway designed to help provide security, control, integration and optimized access to a full range of mobile, web, application programming interface (API), service-oriented architecture (SOA), B2B and cloud workloads.",
    "headers": {
      "X-Backside-Transport": "",
      "X-Global-Transaction-ID": ""
    },
    "icon": "DataPower.png",
    "website": "https://www.ibm.com/products/datapower-gateway"
  },
  "IBM HTTP Server": {
    "cats": [
      22
    ],
    "cpe": "cpe:2.3:a:ibm:http_server:*:*:*:*:*:*:*:*",
    "headers": {
      "Server": "IBM_HTTP_Server(?:/([\\d.]+))?\\;version:\\1"
    },
    "icon": "IBM.svg",
    "website": "https://ibm.com/software/webservers/httpservers"
  },
  "ID5": {
    "cats": [
      36
    ],
    "cookies": {
      "id5": ""
    },
    "description": "ID5 is a company that offers an identity solution for digital advertising, providing a Universal ID that enables privacy-compliant user recognition and tracking across websites without relying on personal information or third-party cookies.",
    "icon": "ID5.svg",
    "js": {
      "ID5._version": "^(.+)$\\;version:\\1",
      "__id5_instances": ""
    },
    "saas": true,
    "scriptSrc": [
      "^https://(?:cdn\\.)?id5-sync\\.com/"
    ],
    "website": "https://id5.io/",
    "xhr": ".*id5-sync\\.com"
  },
  "IFC Markets": {
    "cats": [
      6
    ],
    "description": "IFC Markets is a provider of Forex and CFD trading.",
    "icon": "IFCMarkets.svg",
    "js": {
      "ifc_chartcontainer_id": ""
    },
    "saas": true,
    "scriptSrc": "www\\.ifcmarkets\\.com/",
    "website": "https://www.ifcmarkets.com"
  },
  "IIS": {
    "cats": [
      22
    ],
    "cpe": "cpe:2.3:a:microsoft:internet_information_server:*:*:*:*:*:*:*:*",
    "description": "Internet Information Services (IIS) is an extensible web server software created by Microsoft for use with the Windows NT family.",
    "headers": {
      "Server": "^(?:Microsoft-)?IIS(?:/([\\d.]+))?\\;version:\\1"
    },
    "icon": "Microsoft.svg",
    "implies": "Windows Server",
    "website": "https://www.iis.net"
  },
  "INFOnline": {
    "cats": [
      10
    ],
    "icon": "INFOnline.png",
    "js": {
      "iam_data": "",
      "szmvars": ""
    },
    "scriptSrc": "^https?://(?:[^/]+\\.)?i(?:oam|v)wbox\\.de/",
    "website": "https://www.infonline.de"
  },
  "IONOS": {
    "cats": [
      88
    ],
    "description": "IONOS is the web hosting and cloud partner for small and medium-sized businesses.",
    "dns": {
      "SOA": "ns1\\d+\\.ui-dns\\.(?:de|org|biz|com)"
    },
    "icon": "IONOS.svg",
    "pricing": [
      "low",
      "recurring"
    ],
    "website": "https://www.ionos.com"
  },
  "IP2Location.io": {
    "cats": [
      79
    ],
    "cookies": {
      "ip2location_redirection_first_visit": ""
    },
    "description": "IP2Location.io is a web service that provides geolocation data based on IP addresses through its API, allowing developers to integrate accurate physical location information into their applications.",
    "icon": "IP2Location.io.svg",
    "pricing": [
      "mid",
      "freemium",
      "recurring"
    ],
    "website": "https://www.ip2location.io"
  },
  "IPFS": {
    "cats": [
      48
    ],
    "description": "IPFS is a peer-to-peer hypermedia protocol that provides a distributed hypermedia web.",
    "headers": {
      "x-cf-ipfs-cache-status": "",
      "x-ipfs-datasize": "",
      "x-ipfs-gateway-host": "",
      "x-ipfs-lb-pop": "",
      "x-ipfs-path": "",
      "x-ipfs-pop": "",
      "x-ipfs-root": "",
      "x-ipfs-root-cid": "",
      "x-ipfs-roots": ""
    },
    "icon": "IPFS.svg",
    "website": "https://ipfs.tech/"
  },
  "IPInfoDB": {
    "cats": [
      79
    ],
    "description": "IPInfoDB is the API that returns the location of an IP address.",
    "icon": "IPInfoDB.svg",
    "saas": true,
    "website": "https://www.ipinfodb.com/",
    "xhr": "api\\.ipinfodb\\.com"
  },
  "IPinfo": {
    "cats": [
      79
    ],
    "description": "IPinfo is an IP address data provider.",
    "icon": "IPinfo.svg",
    "pricing": [
      "mid",
      "recurring"
    ],
    "saas": true,
    "scriptSrc": "ipinfo\\.io/",
    "website": "https://ipinfo.io",
    "xhr": "ipinfo\\.io/"
  },
  "ISAY": {
    "cats": [
      1
    ],
    "description": "ISAY (Internet Pages Management) is a CMS service provided by the Turkish Ministry of Interior for governorships, district governorships and various official websites.",
    "dom": "div.topbar-img img[src*='/Areas/WebPart/Contents/FHeader/img/ataturk.svg']",
    "icon": "ISAY.svg",
    "requires": "Microsoft ASP.NET",
    "website": "https://www.icisleri.gov.tr/internet-sayfalari-yonetimi-isay"
  },
  "Iamport": {
    "cats": [
      41
    ],
    "description": "Iamport is an information technology company based in South Korea.",
    "icon": "Iamport.svg",
    "js": {
      "IMP.request_pay": ""
    },
    "pricing": [
      "payg"
    ],
    "saas": true,
    "scriptSrc": "cdn\\.iamport\\.kr/js/iamport\\.payment-([\\d\\.]+)\\.js\\;version:\\1",
    "website": "https://www.iamport.kr"
  },
  "Ibexa DXP ": {
    "cats": [
      1
    ],
    "description": "Ibexa DXP is an open-source enterprise PHP content management system (CMS) and Digital Experience Platform (DXP) developed by the company Ibexa (known previously as eZ Systems).",
    "headers": {
      "x-powered-by": "^Ibexa\\sExperience\\sv([\\d\\.]+)$\\;version:\\1"
    },
    "icon": "Ibexa.svg",
    "implies": [
      "PHP",
      "Symfony"
    ],
    "meta": {
      "generator": "^eZ Platform"
    },
    "pricing": [
      "high",
      "recurring"
    ],
    "saas": true,
    "website": "https://www.ibexa.co"
  },
  "Icegram": {
    "cats": [
      32,
      87
    ],
    "description": "Icegram is a WordPress plugin designed to grow subscribers and increase conversions.",
    "icon": "Icegram.svg",
    "js": {
      "Icegram": "",
      "icegram_data": ""
    },
    "saas": true,
    "scriptSrc": "/wp-content/plugins/icegram/.*main\\.min\\.js\\?ver=([\\d\\.]+)\\;version:\\1",
    "website": "https://www.icegram.com"
  },
  "IconScout": {
    "cats": [
      19
    ],
    "description": "IconScout is a platform that offers a diverse collection of high-quality icons and design resources for creative professionals, allowing them to enhance their projects with visually appealing elements.",
    "dom": "link[href*='.iconscout.com/'], img[src*='.iconscout.com/']",
    "icon": "IconScout.svg",
    "website": "https://iconscout.com"
  },
  "Iconosquare": {
    "cats": [
      10
    ],
    "description": "Iconosquare is an all-in-one social media management platform that facilitates the lives of SMMs with multiple profiles to manage.",
    "dom": "iframe[src*='iconosquare.com/']",
    "icon": "Iconosquare.svg",
    "pricing": [
      "mid",
      "recurring",
      "payg",
      "poa"
    ],
    "saas": true,
    "scripts": "\\.iconosquare\\.com",
    "website": "https://www.iconosquare.com"
  },
  "Ideasoft": {
    "cats": [
      6
    ],
    "description": "Ideasoft is a Turkish software company providing web-based software solutions, software design, ecommerce solutions, and other services.",
    "icon": "Ideasoft.svg",
    "pricing": [
      "mid",
      "recurring"
    ],
    "saas": true,
    "scriptSrc": [
      "\\.myideasoft\\.com/([\\d.]+)\\;version:\\1",
      "\\.ideasoft\\.dev/"
    ],
    "website": "https://www.ideasoft.com.tr"
  },
  "Identrust": {
    "cats": [
      70
    ],
    "certIssuer": "TrustID",
    "description": "denTrust is a digital identity authentication solution.",
    "icon": "Identrust.svg",
    "website": "https://www.identrust.com/"
  },
  "IdoSell Shop": {
    "cats": [
      6
    ],
    "description": "IdoSell Shop is a fully functional ecommerce software platform.",
    "icon": "idosellshop.png",
    "js": {
      "IAI_Ajax": ""
    },
    "website": "https://www.idosell.com"
  },
  "Ifdo": {
    "cats": [
      32,
      86
    ],
    "description": "Ifdo is a marketing and segmentation tool ",
    "icon": "Ifdo.svg",
    "js": {
      "_NBIFDOBODYINNERHTML": "",
      "_NBIFDOHEADCSSFILE": "",
      "_NBIFDOHEADINNERHTML": ""
    },
    "pricing": [
      "low",
      "recurring",
      "payg",
      "poa"
    ],
    "saas": true,
    "website": "https://ifdo.co.kr/"
  },
  "Ignition": {
    "cats": [
      55
    ],
    "description": "Ignition is an all-in-one platform streamlining proposals, billing, payments, and workflows for accounting and professional services firms.",
    "icon": "Ignition.svg",
    "pricing": [
      "mid",
      "recurring"
    ],
    "saas": true,
    "scriptSrc": "\\.practiceignition\\.com/",
    "website": "https://www.ignitionapp.com"
  },
  "Ikas": {
    "cats": [
      6
    ],
    "description": "Ikas is a new generation ecommerce platform designed for small businesses.",
    "headers": {
      "server": "^ikas$",
      "x-powered-by": "^ikas$"
    },
    "icon": "Ikas.svg",
    "implies": [
      "Next.js",
      "GraphQL",
      "MongoDB"
    ],
    "js": {
      "IkasEvents.subscribe": ""
    },
    "pricing": [
      "low",
      "recurring"
    ],
    "saas": true,
    "website": "https://ikas.com"
  },
  "Ilias": {
    "cats": [
      21
    ],
    "description": "Ilias is an open source learning management system.",
    "icon": "Ilias.svg",
    "js": {
      "il.Accordion": "",
      "ilAccordionsInits": "",
      "ilTagging": ""
    },
    "oss": true,
    "website": "https://www.ilias.de"
  },
  "Iluria": {
    "cats": [
      6,
      63
    ],
    "description": "Iluria is a hosted ecommerce platform from Brazil.",
    "icon": "Iluria.svg",
    "js": {
      "Iluria": "",
      "iluriaShowPagination": ""
    },
    "pricing": [
      "payg"
    ],
    "saas": true,
    "scriptSrc": "template-assets\\.iluria\\.com/commons/",
    "website": "https://www.iluria.com.br"
  },
  "ImBox": {
    "cats": [
      52
    ],
    "description": "Imbox is a live chat platform that includes co-browsing features.",
    "icon": "Imbox.svg",
    "js": {
      "__IMBOX_GLOBAL__": "",
      "__IMBOX_INITIALIZED__": "",
      "_imbox": "",
      "imboxBuilt": "",
      "imboxManager": ""
    },
    "pricing": [
      "poa"
    ],
    "saas": true,
    "website": "https://imbox.se"
  },
  "Image Relay": {
    "cats": [
      95
    ],
    "description": "Image Relay is a digital asset management system that allows organizations to upload, manage, organize, monitor and track their digital assets.",
    "dom": "a[href*='.imagerelay.com/'][target='_blank']",
    "icon": "Image Relay.svg",
    "js": {
      "ImageRelay.accounts": ""
    },
    "pricing": [
      "poa"
    ],
    "saas": true,
    "scriptSrc": "static\\.imagerelay\\.com/",
    "website": "https://www.imagerelay.com"
  },
  "ImageEngine": {
    "cats": [
      31,
      92
    ],
    "description": "ImageEngine is an intelligent image content delivery network. ImageEngine will resize your image content tailored to the end users device.",
    "dom": "link[href*='.imgeng.in/'], img[src*='.imgeng.in/'], img[data-src*='.imgeng.in/'], source[srcset*='.imgeng.in/']",
    "icon": "ImageEngine.svg",
    "pricing": [
      "low",
      "recurring"
    ],
    "saas": true,
    "website": "https://imageengine.io"
  },
  "Imagekit": {
    "cats": [
      7
    ],
    "description": "ImageKit is an image optimisation and transformation server for web and mobile app developers.",
    "dom": "link[href*='ik.imagekit.io/']",
    "icon": "ImageKit.svg",
    "pricing": [
      "freemium",
      "low",
      "recurring",
      "poa"
    ],
    "website": "https://imagekit.io/"
  },
  "Imagely NextGEN Gallery": {
    "cats": [
      87,
      7
    ],
    "description": "NextGEN Gallery is a WordPress gallery plugin maintained by Imagely.",
    "dom": "link[href*='/wp-content/plugins/nextgen-gallery/']",
    "icon": "Imagely.svg",
    "pricing": [
      "freemium",
      "low",
      "recurring",
      "onetime"
    ],
    "requires": "WordPress",
    "scriptSrc": "/wp-content/plugins/nextgen-gallery(?:-pro|-plus)?/",
    "website": "https://www.imagely.com/wordpress-gallery-plugin"
  },
  "Imba": {
    "cats": [
      27
    ],
    "description": "Imba is a Web programming language that compiles to performant JavaScript, providing language-level support for defining, extending, subclassing, and instantiating.",
    "icon": "Imba.svg",
    "js": {
      "Imba": "",
      "Imba.VERSION": "([\\d\\.]+)\\;version:\\1",
      "imba": ""
    },
    "oss": true,
    "pricing": [
      "freemium"
    ],
    "website": "https://imba.io"
  },
  "Imber": {
    "cats": [
      52
    ],
    "description": "Imber is an all-in-one marketing automation platform built for customer support (live chat), sales, and marketing.",
    "icon": "Imber.png",
    "js": {
      "$imber.getVisitor": "",
      "IMBER_ID": "",
      "IMBER_SOCKET": ""
    },
    "pricing": [
      "freemium",
      "low",
      "recurring"
    ],
    "saas": true,
    "website": "https://imber.live"
  },
  "Imgix": {
    "cats": [
      31,
      95
    ],
    "description": "Imgix is a visual media platform for managing, processing, rendering, optimising and delivering your existing images.",
    "dns": {
      "SOA": "\\.imgix\\.net"
    },
    "dom": "img[src*='.imgix.net/'], img[data-src*='.imgix.net/'], img[srcset*='.imgix.net/'], source[src*='.imgix.net/'], source[data-src*='.imgix.net/']",
    "icon": "Imgix.svg",
    "pricing": [
      "freemium",
      "mid",
      "recurring"
    ],
    "website": "https://imgix.com/"
  },
  "Immerss": {
    "cats": [
      6
    ],
    "description": "Immerss is a platform that offers 1-to-1 Digital Clienteling, allowing customers to connect with businesses in real time via dynamic video, chat, and messaging for a personalized shopping experience.",
    "icon": "Immerss.svg",
    "js": {
      "Immerss.service_id": ""
    },
    "pricing": [
      "poa"
    ],
    "saas": true,
    "scriptSrc": "\\.immerss\\.live/",
    "website": "https://www.immerss.live"
  },
  "Immutable.js": {
    "cats": [
      59
    ],
    "description": "Immutable.js is a JavaScript library developed by Facebook that provides immutable data structures for more predictable state management in applications.",
    "icon": "Immutable.js.svg",
    "js": {
      "Immutable": "",
      "Immutable.version": "^(.+)$\\;version:\\1"
    },
    "oss": true,
    "scriptSrc": "^immutable\\.(?:min\\.)?js$",
    "website": "https://facebook.github.io/immutable-js/"
  },
  "Impact": {
    "cats": [
      71
    ],
    "description": "Impact helps businesses contract and pay partners.",
    "icon": "Impact.svg",
    "js": {
      "ImpactRadiusEvent": "",
      "irEvent": ""
    },
    "scriptSrc": "d\\.impactradius-event\\.com",
    "website": "https://impact.com/"
  },
  "Impero": {
    "cats": [
      46
    ],
    "description": "Impero offers educational and corporate customers the most secure way of remotely accessing devices.",
    "icon": "Impero.svg",
    "pricing": [
      "poa"
    ],
    "saas": true,
    "scriptSrc": "\\.netop\\.com",
    "website": "https://www.imperosoftware.com"
  },
  "Imperva": {
    "cats": [
      16,
      31
    ],
    "description": "Imperva is a cyber security software and services company for networking, data, and application security.",
    "headers": {
      "X-CDN": "Incapsula",
      "X-Iinfo": "",
      "x-cdn": "^Imperva"
    },
    "icon": "Imperva.svg",
    "scriptSrc": [
      "/_Incapsula_Resource"
    ],
    "website": "https://www.imperva.com"
  },
  "Importify": {
    "cats": [
      6
    ],
    "description": "Importify is a dropshipping app that sources products from hundreds of suppliers, facilitating their integration into your online store for sale.",
    "icon": "Importify.svg",
    "pricing": [
      "low",
      "recurring"
    ],
    "saas": true,
    "scriptSrc": "app\\.importify\\.net/",
    "website": "https://www.importify.com/"
  },
  "ImpressCMS": {
    "cats": [
      1
    ],
    "cookies": {
      "ICMSSession": "",
      "ImpressCMS": ""
    },
    "cpe": "cpe:2.3:a:impresscms:impresscms:*:*:*:*:*:*:*:*",
    "description": "ImpressCMS is an open-source content management system (CMS) designed for creating and managing dynamic websites.",
    "icon": "ImpressCMS.svg",
    "implies": "PHP",
    "meta": {
      "generator": "ImpressCMS"
    },
    "oss": true,
    "scriptSrc": "include/linkexternal\\.js",
    "website": "https://www.impresscms.org"
  },
  "ImpressPages": {
    "cats": [
      1
    ],
    "cpe": "cpe:2.3:a:impresspages:impresspages_cms:*:*:*:*:*:*:*:*",
    "description": "ImpressPages is an open-source content management system (CMS) that enables users to create and manage websites easily, featuring a user-friendly interface and customizable templates.",
    "icon": "ImpressPages.svg",
    "implies": "PHP",
    "meta": {
      "generator": "ImpressPages(?: CMS)?( [\\d.]*)?\\;version:\\1"
    },
    "oss": true,
    "website": "https://impresspages.org"
  },
  "Imunify360": {
    "cats": [
      16
    ],
    "description": "Imunify360 is a comprehensive security platform for Linux web servers which utilises machine learning technology and other advanced techniques to provide protection against various types of cyber threats, such as malware, viruses, and other attacks.",
    "headers": {
      "Server": "imunify360-webshield/([\\d\\.]+)\\;version:\\1"
    },
    "icon": "Imunify360.svg",
    "pricing": [
      "low",
      "recurring",
      "payg"
    ],
    "saas": true,
    "website": "https://www.imunify360.com"
  },
  "Imweb": {
    "cats": [
      6
    ],
    "description": "Imweb is a ecommerce website builder software.",
    "icon": "Imweb.svg",
    "js": {
      "IMWEB_TEMPLATE": ""
    },
    "pricing": [
      "freemium",
      "low",
      "recurring"
    ],
    "saas": true,
    "scriptSrc": "vendor-cdn\\.imweb\\.me/",
    "website": "https://imweb.me"
  },
  "In Cart Upsell & Cross-Sell": {
    "cats": [
      100
    ],
    "description": "In Cart Upsell & Cross-Sell is a Shopify app built by InCart Upsell, provides targeted upsells and cross-sells directly in your cart and product page.",
    "icon": "In Cart Upsell & Cross-Sell.svg",
    "pricing": [
      "low",
      "recurring"
    ],
    "requires": "Shopify",
    "saas": true,
    "scriptSrc": "\\.incartupsell\\.com/",
    "website": "https://incartupsell.com"
  },
  "InMoment": {
    "cats": [
      10,
      73
    ],
    "description": "InMoment provides SaaS based customer survey and enterprise feedback management solutions.",
    "headers": {
      "Content-Security-Policy": "\\.inmoment\\.com",
      "Content-Security-Policy-Report-Only": "\\.inmoment\\.com"
    },
    "icon": "InMoment.svg",
    "pricing": [
      "poa"
    ],
    "saas": true,
    "scriptSrc": "\\.inmoment\\.com(?:\\.\\w+)?/",
    "website": "https://inmoment.com"
  },
  "InSyncai": {
    "cats": [
      52
    ],
    "description": "InSyncai offers a conversational platform for enterprises to design and build chatbots having applications in customer support and services.",
    "dom": "iframe[src*='insync_iframe_webchat_js_prod'], iframe#insync-iframe",
    "icon": "InSyncai.svg",
    "pricing": [
      "poa"
    ],
    "saas": true,
    "website": "https://www.insyncai.com"
  },
  "Inblog": {
    "cats": [
      1
    ],
    "description": "Inblog is a content management system designed for SEO, featuring CTAs and analytics for revenue optimization.",
    "dom": "link[href*='inblog.ai/_next/static']",
    "icon": "Inblog.svg",
    "implies": [
      "Next.js",
      "Supabase",
      "shadcn/ui",
      "Tailwind CSS"
    ],
    "meta": {
      "generator": "inblog"
    },
    "pricing": [
      "low",
      "recurring",
      "freemium"
    ],
    "saas": true,
    "website": "https://inblog.ai"
  },
  "Incident.io": {
    "cats": [
      13
    ],
    "description": "Incident.io is a Slack-integrated incident management tool used to announce, manage, and resolve all incidents in a single channel.",
    "headers": {
      "x-webkit-csp": "incident-io-team\\.vercel\\.app"
    },
    "icon": "Incident.io.svg",
    "pricing": [
      "low",
      "recurring"
    ],
    "saas": true,
    "website": "https://incident.io"
  },
  "Includable": {
    "cats": [
      18
    ],
    "headers": {
      "X-Includable-Version": ""
    },
    "icon": "Includable.svg",
    "website": "https://includable.com"
  },
  "Index Exchange": {
    "cats": [
      36
    ],
    "description": "Index Exchange is a customizable exchange technology that enables sell side media firms to monetize ad inventories programmatically and in real time.",
    "icon": "Index Exchange.svg",
    "website": "https://www.indexexchange.com",
    "xhr": "\\.casalemedia\\.com"
  },
  "Indexhibit": {
    "cats": [
      1
    ],
    "cpe": "cpe:2.3:a:indexhibit:indexhibit:*:*:*:*:*:*:*:*",
    "dom": "link[href*='ndxz-studio']",
    "implies": [
      "PHP",
      "Apache HTTP Server",
      "Exhibit"
    ],
    "meta": {
      "generator": "Indexhibit"
    },
    "website": "https://www.indexhibit.org"
  },
  "Indico": {
    "cats": [
      1
    ],
    "cookies": {
      "MAKACSESSION": ""
    },
    "description": "Indico is an open-source event management system designed for organizing scientific conferences and workshops.",
    "icon": "Indico.svg",
    "oss": true,
    "website": "https://getindico.io"
  },
  "Indy": {
    "cats": [
      22
    ],
    "headers": {
      "Server": "Indy(?:/([\\d.]+))?\\;version:\\1"
    },
    "website": "https://indyproject.org"
  },
  "Inertia.js": {
    "cats": [
      12
    ],
    "description": "Inertia.js is a protocol for creating monolithic single-page applications.",
    "dom": {
      "div[data-page*='component']": {
        "attributes": {
          "data-page": "component.+props.+url"
        }
      }
    },
    "headers": {
      "Vary": "X-Inertia",
      "X-Inertia": ""
    },
    "icon": "Inertia.svg",
    "oss": true,
    "website": "https://inertiajs.com"
  },
  "InfernoJS": {
    "cats": [
      12
    ],
    "description": "InfernoJS is a JavaScript library designed for building user interfaces, known for its high performance and similarity to React.js in terms of API and structure.",
    "icon": "InfernoJS.svg",
    "js": {
      "Inferno": "",
      "Inferno.version": "^(.+)$\\;version:\\1"
    },
    "oss": true,
    "website": "https://infernojs.org"
  },
  "Influence": {
    "cats": [
      32
    ],
    "description": "Influence is a conversion optimisation tool for ecommerce that leverages real-time social proof.",
    "icon": "Influence.svg",
    "js": {
      "Influence": ""
    },
    "pricing": [
      "mid",
      "recurring"
    ],
    "saas": true,
    "scriptSrc": "cdn\\.useinfluence\\.co/",
    "website": "https://useinfluence.co"
  },
  "Influx CMS": {
    "cats": [
      1,
      32
    ],
    "description": "Influx CMS is a medical marketing platform specialising in custom web design and marketing for doctors, surgeons, and medical spas.",
    "dom": "a[href*='www.influxmarketing.com'] > svg[class*='influx-footer-logo'",
    "icon": "InfluxCMS.svg",
    "meta": {
      "generator": "^Influx CMS$"
    },
    "saas": true,
    "website": "https://www.influxmarketing.com"
  },
  "Infogram": {
    "cats": [
      5
    ],
    "description": "Infogram is a web-based data visualisation and infographics platform.",
    "dom": "iframe[src*='.infogram.com/']",
    "icon": "Infogram.svg",
    "js": {
      "InfogramEmbeds": ""
    },
    "pricing": [
      "freemium",
      "low",
      "recurring"
    ],
    "saas": true,
    "website": "https://infogram.com"
  },
  "Infolinks": {
    "cats": [
      36
    ],
    "description": "Infolinks is an online advertising platform for publishers and advertisers.",
    "icon": "Infolinks.png",
    "js": {
      "infolinks_pid": "",
      "infolinks_wsid": ""
    },
    "pricing": [
      "payg",
      "freemium"
    ],
    "saas": true,
    "website": "https://www.infolinks.com"
  },
  "Infomaniak": {
    "cats": [
      88
    ],
    "description": "Infomaniak is a hosting company based in Geneva, Switzerland.",
    "dns": {
      "SOA": "\\.infomaniak\\.ch"
    },
    "icon": "Infomaniak.svg",
    "pricing": [
      "low",
      "recurring"
    ],
    "website": "https://www.infomaniak.com"
  },
  "Infoset": {
    "cats": [
      52,
      53
    ],
    "description": "Infoset is an advanced communication and support solutions.",
    "icon": "Infoset.svg",
    "js": {
      "InfosetChat": "",
      "InfosetRoot": ""
    },
    "pricing": [
      "recurring",
      "low"
    ],
    "saas": true,
    "website": "https://infoset.app"
  },
  "Infront": {
    "cats": [
      1
    ],
    "description": "Infront is a sports marketing company that specializes in the management, marketing, and distribution of sports media rights and events, providing services to sports federations, leagues, clubs, and media partners worldwide.",
    "dom": "#corebine-app",
    "icon": "Infront.svg",
    "js": {
      "corebine": ""
    },
    "pricing": [
      "poa"
    ],
    "website": "https://www.infront.sport"
  },
  "InkSoft": {
    "cats": [
      6
    ],
    "description": "InkSoft is a comprehensive platform offering online designer tools and ecommerce solutions tailored for printing companies.",
    "icon": "InkSoft.svg",
    "pricing": [
      "mid",
      "recurring"
    ],
    "saas": true,
    "scriptSrc": "cdn\\.inksoft\\.com/",
    "website": "https://www.inksoft.com"
  },
  "Innervate": {
    "cats": [
      36
    ],
    "description": "Innervate is a company that provides a plug-and-play solution for dynamic customer experience orchestration across various formats and channels, leveraging existing systems, data, and teams to enhance and streamline customer interactions.",
    "dom": "link[href*='.revjet.com']",
    "icon": "Innervate.svg",
    "pricing": [
      "poa"
    ],
    "saas": true,
    "website": "https://www.innervate.com"
  },
  "Innovid Advertising Measurement": {
    "cats": [
      36
    ],
    "description": "Innovid Advertising Measurement is a solution for assessing and analyzing the performance of advertising campaigns across different platforms and devices.",
    "dom": "link[href*='.tvsquared.com']",
    "icon": "Innovid.svg",
    "js": {
      "TV2Track": "",
      "_tvq": ""
    },
    "pricing": [
      "poa"
    ],
    "saas": true,
    "website": "https://www.innovid.com/solutions/advertising-measurement"
  },
  "Insider": {
    "cats": [
      97
    ],
    "description": "Insider is the first integrated Growth Management Platform helping digital marketers drive growth across the funnel, from Acquisition to Activation, Retention, and Revenue from a unified platform powered by Artificial Intelligence and Machine Learning.",
    "icon": "Insider.svg",
    "js": {
      "Insider": "\\;confidence:20"
    },
    "pricing": [
      "poa"
    ],
    "saas": true,
    "scriptSrc": "api\\.useinsider\\.\\w+/",
    "website": "https://useinsider.com"
  },
  "Insightly CRM": {
    "cats": [
      53
    ],
    "description": "Insightly CRM is a cloud-based customer relationship management software, helps businesses manage leads, contacts, and opportunities, track customer interactions, create custom reports, automate workflows, and integrate with third-party applications, improving customer engagement and streamlining business processes.",
    "dom": "form[action*='.insightly.com/']",
    "icon": "Insightly.svg",
    "pricing": [
      "recurring",
      "low",
      "payg"
    ],
    "saas": true,
    "scriptSrc": "\\.insightly\\.services/",
    "website": "https://www.insightly.com/crm/"
  },
  "Insignal": {
    "cats": [
      10
    ],
    "description": "Insignal is a cloud-based application that tracks website traffic, heatmap, timeline, feedback, session recordings, and survey solutions.",
    "icon": "Insignal.svg",
    "pricing": [
      "freemium",
      "low",
      "recurring",
      "poa"
    ],
    "saas": true,
    "scriptSrc": "app\\.insignal\\.co/",
    "website": "https://insignal.co/"
  },
  "Inspectlet": {
    "cats": [
      10
    ],
    "icon": "Inspectlet.svg",
    "js": {
      "__insp": "",
      "__inspld": ""
    },
    "scriptSrc": [
      "cdn\\.inspectlet\\.com"
    ],
    "website": "https://www.inspectlet.com/"
  },
  "Instabot": {
    "cats": [
      5,
      10,
      32,
      52,
      58
    ],
    "description": "Instabot is a conversion chatbot that understands your users, and curates information, answers questions, captures contacts, and books meetings instantly.",
    "icon": "Instabot.svg",
    "js": {
      "Instabot": ""
    },
    "scriptSrc": "/rokoInstabot\\.js",
    "website": "https://instabot.io/"
  },
  "Instafeed": {
    "cats": [
      100
    ],
    "description": "Instafeed is an official Instagram app.",
    "icon": "Instafeed.svg",
    "pricing": [
      "freemium",
      "low",
      "recurring"
    ],
    "requires": "Shopify",
    "saas": true,
    "scriptSrc": "instafeed\\.nfcube\\.com/",
    "website": "https://apps.shopify.com/instafeed"
  },
  "Instamojo": {
    "cats": [
      41
    ],
    "description": "Instamojo is a Bangalore-based company that provides a platform for selling digital goods and collecting payment online.",
    "icon": "instamojo.svg",
    "js": {
      "INITIAL_STATE.seller.avatar": "\\.instamojo\\.com/",
      "Instamojo": ""
    },
    "website": "https://www.instamojo.com/"
  },
  "Instana": {
    "cats": [
      10,
      13,
      78
    ],
    "description": "Instana is a Kubernetes-native APM tool which is built for new-stack including Microservices and lately Serverless but also supports the existing VM based stacks  including several supported technologies.",
    "icon": "Instana.svg",
    "js": {
      "ineum": ""
    },
    "pricing": [
      "low",
      "recurring"
    ],
    "saas": true,
    "scriptSrc": "eum\\.instana\\.io",
    "website": "https://www.instana.com"
  },
  "Instant": {
    "cats": [
      51,
      100
    ],
    "description": "Instant is a no-code, visual page builder for Shopify, allowing users to create custom landing pages and sections through a drag-and-drop interface without requiring any coding skills.",
    "dom": "div[class='__instant'][data-instant-version]",
    "icon": "Instant.svg",
    "js": {
      "Instant.initialized": "",
      "Instant.initializedVersion": "([\\d\\.]+)\\;version:\\1",
      "__instantInitSliders": ""
    },
    "pricing": [
      "freemium",
      "low",
      "recurring"
    ],
    "requires": "Shopify",
    "saas": true,
    "website": "https://instant.so"
  },
  "Instant.Page": {
    "cats": [
      59,
      92
    ],
    "description": "Instant.Page is a JavaScript library which uses just-in-time preloading technique to make websites faster.",
    "icon": "Instant.page.svg",
    "oss": true,
    "scriptSrc": "instant\\.page",
    "website": "https://instant.page/"
  },
  "InstantCMS": {
    "cats": [
      1
    ],
    "cookies": {
      "InstantCMS[logdate]": ""
    },
    "cpe": "cpe:2.3:a:instantcms:instantcms:*:*:*:*:*:*:*:*",
    "icon": "InstantCMS.png",
    "implies": "PHP",
    "meta": {
      "generator": "InstantCMS"
    },
    "website": "https://www.instantcms.ru"
  },
  "InstantClick": {
    "cats": [
      59,
      92
    ],
    "description": "InstantClick is a JavaScript library that speeds up your website, making navigation faster.",
    "icon": "InstantClick.svg",
    "js": {
      "InstantClick": ""
    },
    "oss": true,
    "scriptSrc": "instantclick\\.min\\.js",
    "website": "https://instantclick.io/"
  },
  "InstantGeo": {
    "cats": [
      59
    ],
    "description": "InstantGeo is a service that provides IP geolocation to web pages",
    "icon": "InstantGeo.svg",
    "js": {
      "geojs": ""
    },
    "pricing": [
      "freemium"
    ],
    "saas": true,
    "scriptSrc": [
      "js\\.instantgeo\\.info",
      "script\\.instantgeo\\.info"
    ],
    "website": "https://instantgeo.info"
  },
  "Instapage": {
    "cats": [
      51,
      74,
      10
    ],
    "description": "Instapage is a cloud-based landing page platform designed for marketing teams and agencies.",
    "icon": "Instapage.svg",
    "implies": [
      "Lua",
      "Node.js"
    ],
    "js": {
      "_instapageSnowplow": "",
      "instapageSp": ""
    },
    "pricing": [
      "mid",
      "recurring"
    ],
    "saas": true,
    "scriptSrc": [
      "cdn\\.instapagemetrics\\.com",
      "heatmap-events-collector\\.instapage\\.com"
    ],
    "website": "https://instapage.com"
  },
  "Instatus": {
    "cats": [
      13
    ],
    "description": "Instatus is a status and incident communication tool.",
    "dom": {
      "a.footer__link": {
        "text": "Powered by Instatus"
      },
      "a[href*='instatus.com'][target='_blank'], iframe[src*='.instatus.com']": {
        "exists": ""
      }
    },
    "icon": "Instatus.svg",
    "pricing": [
      "freemium",
      "low",
      "recurring"
    ],
    "saas": true,
    "website": "https://instatus.com"
  },
  "Intaker": {
    "cats": [
      52
    ],
    "description": "Intaker is a service that enables law firms to send and receive text messages with clients, including automated follow-up messages.",
    "dom": {
      "link[href*='chat-api.intaker.com/api/']": {
        "attributes": {
          "href": "api/v([\\d]+)\\;version:\\1"
        }
      }
    },
    "icon": "Intaker.svg",
    "js": {
      "Intaker": ""
    },
    "saas": true,
    "website": "https://intaker.com"
  },
  "Integral Ad Science": {
    "cats": [
      36
    ],
    "description": "Integral Ad Science is an American publicly owned technology company that analyses the value of digital advertising placements.",
    "dom": "link[href*='.adsafeprotected.com']",
    "icon": "Integral Ad Science.svg",
    "pricing": [
      "poa"
    ],
    "saas": true,
    "scriptSrc": "\\.adsafeprotected\\.com/",
    "website": "https://integralads.com"
  },
  "Intel Active Management Technology": {
    "cats": [
      22,
      46
    ],
    "cpe": "cpe:2.3:a:intel:active_management_technology:*:*:*:*:*:*:*:*",
    "description": "Intel Active Management Technology (AMT) is a proprietary remote management and control system for personal computers with Intel CPUs.",
    "headers": {
      "Server": "Intel\\(R\\) Active Management Technology(?: ([\\d.]+))?\\;version:\\1"
    },
    "icon": "Intel Active Management Technology.svg",
    "website": "https://intel.com"
  },
  "Intelligems": {
    "cats": [
      74
    ],
    "description": "Intelligems is a tool that facilitates profit optimization for ecommerce businesses by allowing easy testing of prices, discounts, and shipping rates with the aim of maximizing margins.",
    "icon": "Intelligems.svg",
    "js": {
      "webpackChunk_intelligems_shopify_plugin": ""
    },
    "pricing": [
      "mid",
      "recurring"
    ],
    "saas": true,
    "scriptSrc": [
      "cdn\\.intelligems\\.io/[\\w]+\\.js"
    ],
    "website": "https://intelligems.io"
  },
  "Intellimize": {
    "cats": [
      74,
      76
    ],
    "description": "Intellimize is a platform that utilizes machine learning to optimize website experiences and increase conversions in real-time.",
    "icon": "Intellimize.svg",
    "js": {
      "intellimize": ""
    },
    "pricing": [
      "high",
      "recurring"
    ],
    "saas": true,
    "scriptSrc": "\\.intellimize\\.co/",
    "website": "https://www.intellimize.com"
  },
  "IntenseDebate": {
    "cats": [
      15
    ],
    "description": "IntenseDebate is a blog commenting system that supports Typepad, Blogger and Wordpress blogs. The system allows blog owners to track and moderate comments from one place with features like threading, comment analytics, user reputation, and comment aggregation.",
    "icon": "IntenseDebate.svg",
    "scriptSrc": "intensedebate\\.com",
    "website": "https://intensedebate.com"
  },
  "Interact": {
    "cats": [
      5
    ],
    "description": "Interact is a tool for creating online quizzes.",
    "icon": "Interact.svg",
    "js": {
      "InteractApp.name": "InteractApp",
      "InteractPromotionObject": ""
    },
    "pricing": [
      "freemium",
      "low",
      "recurring"
    ],
    "saas": true,
    "scriptSrc": "\\.tryinteract\\.com/",
    "website": "https://www.tryinteract.com"
  },
  "InteractiveCalculator": {
    "cats": [
      5
    ],
    "description": "InteractiveCalculator is a platform that enables users to create customized calculators that can be embedded on their website.",
    "icon": "InteractiveCalculator.svg",
    "pricing": [
      "freemium",
      "low",
      "recurring"
    ],
    "saas": true,
    "scriptSrc": "embed\\.interactivecalculator\\.com/",
    "website": "https://www.interactivecalculator.com"
  },
  "Interakt": {
    "cats": [
      52
    ],
    "description": "Interakt is a messaging platform tailored for business communication, offering features such as secure messaging, file sharing, and customer support functionalities.",
    "icon": "Interakt.svg",
    "pricing": [
      "low",
      "recurring",
      "poa"
    ],
    "saas": true,
    "scriptSrc": "app\\.interakt\\.ai/",
    "website": "https://www.interakt.shop"
  },
  "Intercom": {
    "cats": [
      52,
      53
    ],
    "description": "Intercom is an American software company that produces a messaging platform which allows businesses to communicate with prospective and existing customers within their app, on their website, through social media, or via email.",
    "dom": [
      "link[href^='https://widget.intercom.io']",
      "div.live-chat-loader-placeholder",
      "iframe#intercom-frame"
    ],
    "icon": "Intercom.svg",
    "js": {
      "Intercom": ""
    },
    "pricing": [
      "mid",
      "recurring"
    ],
    "saas": true,
    "scriptSrc": "(?:api\\.intercom\\.io/api|static\\.intercomcdn\\.com/intercom\\.v1)",
    "website": "https://www.intercom.com"
  },
  "Intercom Articles": {
    "cats": [
      4
    ],
    "description": "Intercom Articles is a tool to create, organise and publish help articles.",
    "icon": "Intercom.svg",
    "saas": true,
    "website": "https://www.intercom.com/articles"
  },
  "Internet Brands": {
    "cats": [
      36
    ],
    "description": "Internet Brands is a technology company that operates a variety of web portals and online communities, providing information and services to consumers and businesses across a range of industries.",
    "dom": {
      "footer > div > form": {
        "text": "Internet Brands"
      }
    },
    "icon": "Internet Brands.svg",
    "pricing": [
      "poa",
      "payg"
    ],
    "saas": true,
    "website": "https://www.internetbrands.com"
  },
  "Intersection Observer": {
    "cats": [
      92,
      59
    ],
    "description": "Intersection Observer is a browser API that provides a way to observe the visibility and position of a DOM element relative to the containing root element or viewport.",
    "icon": "W3C.svg",
    "scriptSrc": [
      "cdn\\.jsdelivr\\.net/npm/intersection-observer@([\\d\\.]+)\\;version:\\1",
      "/assets/(?:.+)?intersection-observer\\.[\\d\\w\\.]+\\.js"
    ],
    "website": "https://www.w3.org/TR/intersection-observer"
  },
  "Intershop": {
    "cats": [
      6
    ],
    "description": "Intershop is an ecommerce platform, tailored to the needs of complex business processes and major organisations.",
    "icon": "Intershop.svg",
    "pricing": [
      "onetime",
      "high"
    ],
    "saas": true,
    "scriptSrc": "(?:is-bin|INTERSHOP)",
    "website": "https://intershop.com"
  },
  "Intice": {
    "cats": [
      32
    ],
    "description": "Intice is a lead conversion tool designed for the automotive industry, streamlining customer engagement and improving the conversion process from inquiries to sales.",
    "icon": "Intice.svg",
    "js": {
      "intice": "",
      "inticeAllEvents": "",
      "inticeIMP": "",
      "inticeLeadmakerAnalytics": ""
    },
    "saas": true,
    "scriptSrc": "tools\\.inticeinc\\.com",
    "website": "https://intice.com"
  },
  "Invenio": {
    "cats": [
      50
    ],
    "cookies": {
      "INVENIOSESSION": ""
    },
    "description": "Invenio is an open-source software framework for large-scale digital repositories that provides the tools for management of digital assets in an institutional repository and research data management systems.",
    "icon": "Invenio.svg",
    "oss": true,
    "website": "https://invenio-software.org"
  },
  "Inventrue": {
    "cats": [
      6
    ],
    "description": "Inventrue creates websites for RV, Motorsports and Trailer Dealerships.",
    "icon": "Inventrue.svg",
    "meta": {
      "author": "^Inventrue, LLC.$"
    },
    "pricing": [
      "onetime",
      "recurring",
      "poa"
    ],
    "saas": true,
    "website": "https://www.inventrue.com"
  },
  "Inveon": {
    "cats": [
      6
    ],
    "cookies": {
      "INV.Customer": "\\;confidence:50",
      "inveonSessionId": ""
    },
    "description": "Inveon is a technology company that has been delivering ecommerce infrastructure software and mcommerce applications.",
    "icon": "Inveon.svg",
    "js": {
      "InvApp": "\\;confidence:50",
      "invTagManagerParams": ""
    },
    "scriptSrc": "Scripts/_app/Inv(?:\\w+)\\.js\\?v=(.+)$\\;version:\\1",
    "website": "https://www.inveon.com"
  },
  "Invision Community": {
    "cats": [
      1
    ],
    "description": "Invision Community is a scalable and customizable platform designed to build and grow online communities.",
    "icon": "InvisionCommunity.svg",
    "pricing": [
      "mid",
      "recurring",
      "poa"
    ],
    "saas": true,
    "scriptSrc": "\\.invisioncic\\.com/",
    "website": "https://invisioncommunity.com"
  },
  "Invision Power Board": {
    "cats": [
      2
    ],
    "cookies": {
      "ipbWWLmodpids": "",
      "ipbWWLsession_id": ""
    },
    "description": "Invision Power Board is a commercial Internet forum software developed by Invision Community (formerly Invision Power Services).",
    "icon": "Invision Power Board.svg",
    "implies": [
      "PHP",
      "MySQL"
    ],
    "js": {
      "IPBoard": "",
      "ipb_var": "",
      "ipsSettings": ""
    },
    "pricing": [
      "low",
      "recurring"
    ],
    "scriptSrc": "jscripts/ips_",
    "scripts": "ipb_url_filter_option",
    "website": "https://invisioncommunity.com"
  },
  "Invitario": {
    "cats": [
      104
    ],
    "description": "Invitario is an event marketing platform that provides a digital invitation and guest management for business events.",
    "icon": "Invitario.svg",
    "js": {
      "InvitarioWidget": ""
    },
    "pricing": [
      "poa",
      "recurring"
    ],
    "saas": true,
    "website": "https://invitario.com"
  },
  "Invoca": {
    "cats": [
      32,
      10
    ],
    "description": "Invoca is an AI-powered call tracking and conversational analytics company.",
    "icon": "Invoca.svg",
    "js": {
      "Invoca.PNAPI.version": "([\\d\\.]+)\\;version:\\1",
      "InvocaTagId": ""
    },
    "pricing": [
      "poa"
    ],
    "saas": true,
    "scriptSrc": "\\.dialogtech\\.com/",
    "website": "https://www.invoca.com"
  },
  "Ionic": {
    "cats": [
      18
    ],
    "description": "Ionic is an open-source framework that enables developers to create cross-platform mobile, web, and desktop applications using web technologies like HTML, CSS, and JavaScript.",
    "icon": "Ionic.svg",
    "js": {
      "Ionic.config": "",
      "Ionic.version": "^(.+)$\\;version:\\1"
    },
    "oss": true,
    "website": "https://ionicframework.com"
  },
  "Ionicons": {
    "cats": [
      17
    ],
    "description": "Ionicons is an open-source icon set crafted for web, iOS, Android, and desktop apps.",
    "dom": "link[href*='/ionicons.min.css'], link[href*='/ionicons.css']",
    "icon": "Ionicons.svg",
    "oss": true,
    "website": "https://ionicons.com"
  },
  "Iress": {
    "cats": [
      55
    ],
    "description": "Iress is a platform that provides software solutions for the financial services industry.",
    "icon": "Iress.svg",
    "js": {
      "IRESSWebToolbox": ""
    },
    "saas": true,
    "website": "https://www.iress.com"
  },
  "Irroba": {
    "cats": [
      6
    ],
    "icon": "irroba.svg",
    "meta": {
      "copyright": "^IRROBA E-COMMERCE$",
      "generator": "^IRROBA E-COMMERCE$",
      "webmaster": "^IRROBA E-COMMERCE$"
    },
    "website": "https://www.irroba.com.br/"
  },
  "Isotope": {
    "cats": [
      59
    ],
    "description": "Isotope.js is a JavaScript library that makes it easy to sort, filter, and add Masonry layouts to items on a webpage.",
    "icon": "Isotope.svg",
    "js": {
      "Isotope": "",
      "init_isotope": ""
    },
    "oss": true,
    "pricing": [
      "low",
      "freemium",
      "onetime"
    ],
    "website": "https://isotope.metafizzy.co"
  },
  "Isso": {
    "cats": [
      15
    ],
    "description": "Isso is a lightweight commenting server written in Python and JavaScript, referred to as \"Ich schrei sonst\" in German.",
    "implies": "Python",
    "js": {
      "Isso.fetchComments": ""
    },
    "oss": true,
    "website": "https://github.com/posativ/isso/"
  },
  "Issuu": {
    "cats": [
      19,
      5
    ],
    "description": "Issuu is a digital discovery and publishing platform.",
    "dom": "a[href*='issuu.com/'][target='_blank']",
    "icon": "Issuu.svg",
    "js": {
      "IssuuReaders": "",
      "issuuPanel": ""
    },
    "pricing": [
      "freemium",
      "low",
      "recurring"
    ],
    "saas": true,
    "scriptSrc": "\\.issuu\\.com/",
    "website": "https://issuu.com"
  },
  "It'seeze": {
    "cats": [
      1
    ],
    "description": "It’seeze is a website design platform with a custom CMS for seamless site updates and management.",
    "dom": "footer > div[id*='itseezeFooter']",
    "icon": "Itseeze.svg",
    "pricing": [
      "low",
      "recurring"
    ],
    "saas": true,
    "website": "https://itseeze.com/"
  },
  "Iterable": {
    "cats": [
      32
    ],
    "description": "Iterable is a cross-channel marketing platform that powers unified customer experiences.",
    "icon": "Iterable.svg",
    "js": {
      "iterableAnalytics": ""
    },
    "saas": true,
    "scriptSrc": [
      "js\\.iterable\\.com"
    ],
    "website": "https://iterable.com"
  },
  "Iterate": {
    "cats": [
      73
    ],
    "description": "Iterate is a customer insights manager (CIM) system, facilitating website and email surveys to harness customer insights across your entire business.",
    "icon": "Iterate.svg",
    "js": {
      "Iterate": ""
    },
    "pricing": [
      "mid",
      "recurring",
      "poa"
    ],
    "saas": true,
    "scriptSrc": "\\.iteratehq\\.com/",
    "website": "https://iteratehq.com"
  },
  "Ivory Search": {
    "cats": [
      87
    ],
    "description": "Ivory Search is a WordPress search plugin that improves WordPress search by providing advanced options to extend search or exclude specific content from search.",
    "icon": "ivory_searc.svg",
    "js": {
      "IvorySearchVars": "",
      "ivory_search_analytics": ""
    },
    "pricing": [
      "freemium",
      "recurring",
      "onetime"
    ],
    "requires": "WordPress",
    "scriptSrc": "/wp-content/plugins/add-search-to-menu/.+\\.js(?:\\?ver=(\\d+(?:\\.\\d+)+))?\\;version:\\1",
    "website": "https://ivorysearch.com"
  },
  "Izooto": {
    "cats": [
      32,
      5
    ],
    "description": "iZooto is a user engagement and retention tool that leverages web push notifications to help business to drive repeat traffic, leads and sales.",
    "icon": "Izooto.svg",
    "js": {
      "Izooto": "",
      "_izooto": ""
    },
    "pricing": [
      "mid",
      "recurring"
    ],
    "saas": true,
    "scriptSrc": "cdn\\.izooto\\.\\w+",
    "website": "https://www.izooto.com"
  },
  "i-MSCP": {
    "cats": [
      9
    ],
    "description": "i-MSCP (internet Multi Server Control Panel) is a software for shared hosting environments management on Linux servers.",
    "icon": "i-MSCP.png",
    "meta": {
      "application-name": "^i-MSCP$"
    },
    "oss": true,
    "website": "https://github.com/i-MSCP/imscp"
  },
  "i-mobile": {
    "cats": [
      36
    ],
    "description": "i-mobile is a advertising platform for clients to advertise their product and for publishers to monetize their cyberspace.",
    "dom": "img[src*='.i-mobile.co.jp/']",
    "icon": "i-mobile.png",
    "pricing": [
      "payg"
    ],
    "saas": true,
    "scriptSrc": "\\.i-mobile\\.co\\.jp/",
    "website": "https://www2.i-mobile.co.jp"
  },
  "i-motor": {
    "cats": [
      1
    ],
    "description": "i-motor is a platform that enhances automotive dealer websites by providing innovative, connected solutions to improve the online experience.",
    "dom": "link[href*='.i-motor.com.au/']",
    "icon": "i-motor.svg",
    "saas": true,
    "website": "https://www.i-motor.com.au"
  },
  "i30con": {
    "cats": [
      17
    ],
    "description": "i30con is an icon toolkit based on CSS and JavaScript.",
    "dom": "[class^='i30con']",
    "icon": "30namaPlayer.svg",
    "website": "https://30nama.com/"
  },
  "iAdvize": {
    "cats": [
      52
    ],
    "description": "iAdvize is a conversational marketing platform that connects customers in need of advice with experts who are available 24/7 via messaging.",
    "dom": "link[href*='.iadvize.com']",
    "icon": "iAdvize.svg",
    "pricing": [
      "poa"
    ],
    "saas": true,
    "scriptSrc": "\\.iadvize\\.com/",
    "website": "https://www.iadvize.com"
  },
  "iCIMS": {
    "cats": [
      101
    ],
    "description": "iCIMS is a talent acquisition and internal mobility platform that delivers solutions to build, retain, and scale your workforce.",
    "icon": "iCIMS.svg",
    "saas": true,
    "scripts": "icims\\.com",
    "website": "https://www.icims.com"
  },
  "iCheck": {
    "cats": [
      59
    ],
    "description": "iCheck is a library for customizable checkboxes and radio buttons.",
    "oss": true,
    "scriptSrc": "/(?:js|iCheck)/icheck\\.min\\.js",
    "website": "https://github.com/drgullin/icheck"
  },
  "iEXExchanger": {
    "cats": [
      1
    ],
    "cookies": {
      "iexexchanger_session": ""
    },
    "icon": "iEXExchanger.png",
    "implies": [
      "PHP",
      "Apache HTTP Server",
      "Angular"
    ],
    "meta": {
      "generator": "iEXExchanger"
    },
    "website": "https://exchanger.iexbase.com"
  },
  "iGoDigital": {
    "cats": [
      76
    ],
    "description": "iGoDigital provides web-based commerce tools, personalisation, and product recommendations designed to increase customer interaction.",
    "icon": "default.svg",
    "scriptSrc": "\\.igodigital\\.com/",
    "website": "https://www.igodigital.com"
  },
  "iHomefinder IDX": {
    "cats": [
      19
    ],
    "description": "iHomefinder provides IDX property search, built-in CRM, and marketing tools.",
    "icon": "iHomefinder IDX.svg",
    "js": {
      "ihfJquery": ""
    },
    "pricing": [
      "mid",
      "recurring"
    ],
    "saas": true,
    "scriptSrc": "\\.idxhome\\.com/",
    "website": "https://www.ihomefinder.com"
  },
  "iPresta": {
    "cats": [
      6
    ],
    "icon": "iPresta.svg",
    "implies": [
      "PHP",
      "PrestaShop"
    ],
    "meta": {
      "designer": "iPresta"
    },
    "website": "https://ipresta.ir"
  },
  "iSET": {
    "cats": [
      6
    ],
    "description": "iSET is an ecommerce platform providing tools to start, grow, and scale online stores.",
    "icon": "iSET.svg",
    "pricing": [
      "low",
      "recurring"
    ],
    "saas": true,
    "scripts": "cdn\\.iset\\.io/",
    "website": "https://www.iset.com.br"
  },
  "iScripts": {
    "cats": [
      1
    ],
    "description": "iScripts is a multi product CMS system based on PHP.",
    "icon": "iScripts.svg",
    "implies": "PHP",
    "meta": {
      "copyright": "^Copyright \\(C\\) www\\.iScripts\\.com,? \\d{4}\\. All rights reserved\\.$"
    },
    "pricing": [
      "poa"
    ],
    "saas": true,
    "website": "https://www.iscripts.com"
  },
  "iSina Chat": {
    "cats": [
      52
    ],
    "description": "iSina Chat is a live chat service that provides online support and FAQ for customers.",
    "icon": "iSina Chat.svg",
    "pricing": [
      "poa"
    ],
    "saas": true,
    "scriptSrc": "chat\\.isina\\.agency/",
    "website": "https://isina.agency"
  },
  "iThemes Security": {
    "cats": [
      87,
      16
    ],
    "description": " iThemes Security(formerly known as Better WP Security) plugin enhances the security and protection of your WordPress website.",
    "dom": "link[href*='/wp-content/plugins/better-wp-security/']",
    "icon": "iThemes Security.svg",
    "pricing": [
      "freemium",
      "low",
      "recurring"
    ],
    "requires": "WordPress",
    "scriptSrc": "/wp-content/plugins/better-wp-security/",
    "website": "https://ithemes.com/security"
  },
  "iWeb": {
    "cats": [
      20
    ],
    "description": "iWeb is a web site creation tool.",
    "icon": "Apple.svg",
    "meta": {
      "generator": "^iWeb( [\\d.]+)?\\;version:\\1"
    },
    "website": "https://www.apple.com/welcomescreen/ilife/iweb-3/"
  },
  "idCloudHost": {
    "cats": [
      88
    ],
    "description": "idCloudHost is a local web service provider based in Indonesia that offer a wide range of services including domain name registration and cloud hosting.",
    "dns": {
      "NS": "ns\\d+\\.cloudhost\\.id",
      "SOA": "ns\\d+\\.cloudhost\\.id"
    },
    "icon": "idCloudHost.svg",
    "website": "https://idcloudhost.com"
  },
  "iiQ Check": {
    "cats": [
      90
    ],
    "description": "iiQ Check is a system designed to optimize hotel guest communication and manage review distribution.",
    "icon": "iiQCheck.svg",
    "saas": true,
    "scriptSrc": "app\\.iiq-check\\.de",
    "website": "https://www.iiq-check.de"
  },
  "ikiwiki": {
    "cats": [
      8
    ],
    "description": "ikiwiki is a free and open-source wiki application.",
    "dom": "link[rel='alternate'][type='application/x-wiki'][title='Edit this page'][href*='/ikiwiki.cgi']",
    "icon": "ikiwiki.png",
    "website": "https://ikiwiki.info"
  },
  "imperia CMS": {
    "cats": [
      1
    ],
    "description": "imperia CMS is a headless content management for large editorial.",
    "dom": "source[srcset*='.de/imperia/md/images/']",
    "icon": "imperiaCMS.svg",
    "implies": "Perl",
    "meta": {
      "generator": "^IMPERIA\\s([\\d\\.\\_]+)\\;version:\\1",
      "x-imperia-live-info": ""
    },
    "pricing": [
      "poa"
    ],
    "saas": true,
    "website": "https://www.pirobase-imperia.com/de/solutions/imperia-cms"
  },
  "inSales": {
    "cats": [
      6
    ],
    "description": "inSales is a SaaS ecommerce platform with multichannel integration.",
    "icon": "inSales.svg",
    "js": {
      "InSales": "",
      "InSalesUI": "",
      "insalesGeocodeResults": ""
    },
    "meta": {
      "insales-redefined-api-method": ""
    },
    "pricing": [
      "low",
      "recurring"
    ],
    "saas": true,
    "website": "https://www.insales.com"
  },
  "inSided": {
    "cats": [
      97
    ],
    "description": "inSided is the only Customer Success Community Platform built to help SaaS companies improve customer success and retention.",
    "icon": "inSided.svg",
    "js": {
      "inSidedData": "",
      "insided": ""
    },
    "pricing": [
      "poa"
    ],
    "saas": true,
    "website": "https://www.insided.com"
  },
  "ip-api": {
    "cats": [
      79
    ],
    "icon": "ip-api.png",
    "pricing": [
      "freemium",
      "low",
      "payg"
    ],
    "saas": true,
    "website": "https://ip-api.com/",
    "xhr": "ip-api\\.com"
  },
  "ip-label": {
    "cats": [
      10
    ],
    "icon": "iplabel.svg",
    "js": {
      "clobs": ""
    },
    "scriptSrc": "clobs\\.js",
    "website": "https://www.ip-label.com"
  },
  "ipapi": {
    "cats": [
      79
    ],
    "description": "ipapi is a real-time geolocation and reverse IP lookup REST API.",
    "icon": "ipapi.svg",
    "pricing": [
      "freemium",
      "low",
      "payg"
    ],
    "saas": true,
    "website": "https://ipapi.com",
    "xhr": "api\\.ipapi\\.com"
  },
  "ipapi.co": {
    "cats": [
      79
    ],
    "description": "ipapi.co is a web analytics provider with IP address lookup and location API.",
    "icon": "ipapi.co.svg",
    "pricing": [
      "freemium",
      "low",
      "payg"
    ],
    "saas": true,
    "website": "https://ipapi.co",
    "xhr": "ipapi\\.co/"
  },
  "ipbase": {
    "cats": [
      79
    ],
    "description": "ipbase offers an API that supports both IPv4 and IPv6 and provides precise location data from IP addresses.",
    "icon": "ipbase.svg",
    "pricing": [
      "freemium",
      "recurring",
      "low"
    ],
    "saas": true,
    "website": "https://ipbase.com",
    "xhr": "api\\.ipbase\\.com"
  },
  "ipdata": {
    "cats": [
      79
    ],
    "description": "ipdata is a JSON IP Address Geolocation API that allows to lookup the location of both IPv4 and IPv6.",
    "icon": "ipdata.svg",
    "pricing": [
      "freemium",
      "recurring",
      "low"
    ],
    "saas": true,
    "website": "https://ipdata.co/",
    "xhr": "api\\.ipdata\\.co"
  },
  "ipgeolocation": {
    "cats": [
      79
    ],
    "description": "ipgeolocation is an IP Geolocation API and Accurate IP Lookup Database.",
    "icon": "ipgeolocation.png",
    "pricing": [
      "freemium",
      "recurring",
      "mid"
    ],
    "saas": true,
    "website": "https://ipgeolocation.co/",
    "xhr": "api\\.ipgeolocation\\.io"
  },
  "ipify": {
    "cats": [
      79
    ],
    "description": "ipify is a service which provide public IP address API, IP geolocation API, VPN and Proxy detection API products.",
    "icon": "ipify.png",
    "pricing": [
      "freemium",
      "payg",
      "mid",
      "recurring"
    ],
    "saas": true,
    "scriptSrc": "\\.ipify\\.org",
    "website": "https://ipify.org",
    "xhr": "(?:api|api64|geo)\\.ipify\\.org"
  },
  "ipstack": {
    "cats": [
      79
    ],
    "description": "ipstack is a real-time IP to geolocation API capable of looking at location data and assessing security threats originating from risky IP addresses.",
    "icon": "ipstack.svg",
    "js": {
      "ENV.ipStackAccessToken": ""
    },
    "pricing": [
      "low",
      "freemium"
    ],
    "saas": true,
    "website": "https://ipstack.com",
    "xhr": "api\\.ipstack\\.com"
  },
  "iubenda": {
    "cats": [
      67
    ],
    "description": "iubenda is a compliance software used by businesses for their websites and apps.",
    "icon": "iubenda.svg",
    "js": {
      "_iub": "",
      "addIubendaCs": ""
    },
    "pricing": [
      "low",
      "recurring",
      "freemium"
    ],
    "saas": true,
    "scriptSrc": "iubenda\\.com/",
    "website": "https://www.iubenda.com"
  },
  "iyzico": {
    "cats": [
      41
    ],
    "description": "iyzico is a payment receipt system management platform that offers ePayment solutions.",
    "icon": "iyzico.svg",
    "js": {
      "iyz.ideaSoft": "",
      "iyz.position": ""
    },
    "pricing": [
      "payg"
    ],
    "saas": true,
    "website": "https://www.iyzico.com"
  }
}